dibutylether,InChI=1/C4H8O2/c1-2-6-4-3-5-1/h1-4H2,3.2869809999999995
dibutylether,"InChI=1/C4H8O/c1-3-4(2)5/h3H2,1-2H3",2.8310410000000004
dibutylether,"InChI=1/C2H4O2/c1-2(3)4/h1H3,(H,3,4)/f/h3H",3.8015050000000006
dibutylether,"InChI=1/C8H18O/c1-3-5-7-9-8-6-4-2/h3-8H2,1-2H3",4.863246
dibutylether,"InChI=1/C2H6O/c1-2-3/h3H,2H2,1H3",2.881255
dibutylether,InChI=1/H2O2/c1-2/h1-2H,3.443905
dibutylether,"InChI=1/C8H18/c1-3-5-7-8-6-4-2/h3-8H2,1-2H3",4.562109000000001
dibutylether,"InChI=1/C3H6O2/c1-2-3(4)5/h2H2,1H3,(H,4,5)/f/h4H",4.362381
dibutylether,"InChI=1/C7H8/c1-7-5-3-2-4-6-7/h2-6H,1H3",4.025545
heptanol,"InChI=1/C7H16O/c1-2-3-4-5-6-7-8/h8H,2-7H2,1H3",5.5995930000000005
heptanol,"InChI=1/C2H4O2/c1-2(3)4/h1H3,(H,3,4)/f/h3H",4.444789
heptanol,InChI=1/C6H6/c1-2-4-6-5-3-1/h1-6H,2.976832999999999
heptanol,"InChI=1/C8H10/c1-2-8-6-4-3-5-7-8/h3-7H,2H2,1H3",3.8642939999999997
heptanol,"InChI=1/C7H8O/c1-6-4-2-3-5-7(6)8/h2-5,8H,1H3",5.838348999999999
heptanol,"InChI=1/C7H8O/c1-6-2-4-7(8)5-3-6/h2-5,8H,1H3",5.838348999999999
heptanol,"InChI=1/C6H6O/c7-6-4-2-1-3-5-6/h1-5,7H",5.413461
heptanol,"InChI=1/C7H8/c1-7-5-3-2-4-6-7/h2-6H,1H3",3.4017209999999993
ethanol,InChI=1/C4H8O2/c1-2-6-4-3-5-1/h1-4H2,3.5504929999999995
ethanol,"InChI=1/C4H8O/c1-3-4(2)5/h3H2,1-2H3",3.0458320000000003
ethanol,"InChI=1/C2H6O/c1-2-3/h3H,2H2,1H3",3.4773119999999995
ethanol,InChI=1/C4H6O2/c5-4-2-1-3-6-4/h1-3H2,3.3764469999999998
ethanol,"InChI=1/C8H18/c1-3-5-7-8-6-4-2/h3-8H2,1-2H3",3.4387010000000005
ethanol,"InChI=1/C7H8/c1-7-5-3-2-4-6-7/h2-6H,1H3",3.4140609999999993
butanol,"InChI=1/C2H6O/c1-2-3/h3H,2H2,1H3",3.360242
butanol,"InChI=1/C8H10/c1-2-8-6-4-3-5-7-8/h3-7H,2H2,1H3",3.8798269999999997
butanol,InChI=1/CH2O/c1-2/h1H2,1.4640750000000002
butanol,"InChI=1/C6H12O2/c1-2-3-4-5-6(7)8/h2-5H2,1H3,(H,7,8)/f/h7H",6.450022000000001
butanol,InChI=1/H2O2/c1-2/h1-2H,4.952973
butanol,"InChI=1/CH4O/c1-2/h2H,1H3",2.8941760000000003
butanol,"InChI=1/C8H18/c1-3-5-7-8-6-4-2/h3-8H2,1-2H3",3.6317750000000006
butanol,"InChI=1/C5H10O2/c1-2-3-4-5(6)7/h2-4H2,1H3,(H,6,7)/f/h6H",5.983956000000001
butanol,"InChI=1/C3H6O2/c1-2-3(4)5/h2H2,1H3,(H,4,5)/f/h4H",5.051824
butanol,"InChI=1/C7H8/c1-7-5-3-2-4-6-7/h2-6H,1H3",3.4137609999999996
water,"InChI=1/C7H6O2/c8-5-6-1-3-7(9)4-2-6/h1-5,9H",7.226133999999998
water,"InChI=1/C7H6O2/c8-5-6-2-1-3-7(9)4-6/h1-5,9H",7.226133999999998
water,"InChI=1/C2H6O2/c3-1-2-4/h3-4H,1-2H2",7.009072999999999
water,"InChI=1/C6H6O/c7-6-4-2-1-3-5-6/h1-5,7H",4.450393999999999
water,"InChI=1/C7H8O/c1-6-3-2-4-7(8)5-6/h2-5,8H,1H3",4.270493999999999
water,"InChI=1/C7H8O/c1-6-4-2-3-5-7(6)8/h2-5,8H,1H3",4.270493999999999
water,"InChI=1/C7H8O/c1-6-2-4-7(8)5-3-6/h2-5,8H,1H3",4.270493999999999
water,"InChI=1/C2H4O2/c1-2(3)4/h1H3,(H,3,4)/f/h3H",4.134257
water,"InChI=1/C3H6O2/c1-2-3(4)5/h2H2,1H3,(H,4,5)/f/h4H",4.02797
water,"InChI=1/C4H8O2/c1-2-3-4(5)6/h2-3H2,1H3,(H,5,6)/f/h5H",3.9216830000000003
water,"InChI=1/C5H10O2/c1-2-3-4-5(6)7/h2-4H2,1H3,(H,6,7)/f/h6H",3.8153960000000002
water,"InChI=1/C6H12O2/c1-2-3-4-5-6(7)8/h2-5H2,1H3,(H,7,8)/f/h7H",3.709109
water,"InChI=1/C3H8O2/c1-5-3-2-4/h4H,2-3H2,1H3",4.347363
water,InChI=1/C7H6O/c8-6-7-4-2-1-3-5-7/h1-6H,3.6708410000000002
water,"InChI=1/C8H8O/c1-7(9)8-5-3-2-4-6-8/h2-6H,1H3",3.490941
water,InChI=1/C14H10/c1-2-6-12-10-14-8-4-3-7-13(14)9-11(12)5-1/h1-10H,2.647877000000001
water,"InChI=1/C8H8O2/c1-10-8(9)7-5-3-2-4-6-7/h2-6H,1H3",3.3303030000000007
water,"InChI=1/C3H6O/c1-2-3-4/h2,4H,1,3H2",3.2369529999999997
water,"InChI=1/C5H10O/c6-5-3-1-2-4-5/h5-6H,1-4H2",3.131863
water,"InChI=1/CH4O/c1-2/h2H,1H3",3.1018999999999997
water,"InChI=1/C3H8O/c1-3(2)4/h3-4H,1-2H3",2.9052350000000002
water,"InChI=1/C2H6O/c1-2-3/h3H,2H2,1H3",2.9956129999999996
water,"InChI=1/C3H8O/c1-2-3-4/h4H,2-3H2,1H3",2.8893259999999996
water,"InChI=1/C4H10O/c1-4(2,3)5/h5H,1-3H3",2.88235
water,"InChI=1/C4H10O/c1-2-3-4-5/h5H,2-4H2,1H3",2.7830389999999996
water,InChI=1/C10H8/c1-2-6-10-8-4-3-7-9(10)5-1/h1-8H,1.771489
water,"InChI=1/C5H12O/c1-2-3-4-5-6/h6H,2-5H2,1H3",2.6767519999999996
water,"InChI=1/C7H8O/c1-8-7-5-3-2-4-6-7/h2-6H,1H3",2.1732380000000004
water,"InChI=1/C6H14O/c1-2-3-4-5-6-7/h7H,2-6H2,1H3",2.5704649999999996
water,"InChI=1/C2H4O/c1-2-3/h2H,1H3",2.3223470000000006
water,InChI=1/C4H8O2/c1-2-6-4-3-5-1/h1-4H2,2.5094090000000002
water,"InChI=1/C8H10O/c1-2-9-8-6-4-3-5-7-8/h3-7H,2H2,1H3",2.0669510000000004
water,"InChI=1/C7H16O/c1-2-3-4-5-6-7-8/h8H,2-7H2,1H3",2.4641779999999995
water,InChI=1/C5H8O/c6-5-3-1-2-4-5/h1-4H2,2.3690750000000005
water,"InChI=1/C3H6O/c1-2-3-4/h3H,2H2,1H3",2.2160600000000006
water,InChI=1/C3H6O/c1-3(2)4/h1-2H3,2.142447000000001
water,InChI=1/C2H6O2/c1-3-4-2/h1-2H3,2.282781000000001
water,"InChI=1/C8H18O/c1-2-3-4-5-6-7-8-9/h9H,2-8H2,1H3",2.3578909999999995
water,"InChI=1/C4H8O/c1-2-3-4-5/h4H,2-3H2,1H3",2.1097730000000006
water,"InChI=1/C5H10O/c1-2-3-4-5-6/h5H,2-4H2,1H3",2.0034860000000005
water,"InChI=1/C4H8O/c1-3-4(2)5/h3H2,1-2H3",2.036160000000001
water,"InChI=1/C2H4O2/c1-4-2-3/h2H,1H3",2.307697
water,"InChI=1/C4H10O2/c1-5-3-4-6-2/h3-4H2,1-2H3",2.070207000000001
water,"InChI=1/C4H10O2/c1-3-5-6-4-2/h3-4H2,1-2H3",2.070207000000001
water,"InChI=1/C5H10O/c1-3-4-5(2)6/h3-4H2,1-2H3",1.9298730000000008
water,"InChI=1/C5H10O/c1-3-5(6)4-2/h3-4H2,1-2H3",1.9298730000000008
water,"InChI=1/C6H12O/c1-5(7)6(2,3)4/h1-4H3",1.9228969999999999
water,"InChI=1/C3H6O2/c1-2-5-3-4/h3H,2H2,1H3",2.20141
water,"InChI=1/C6H12O/c1-3-4-5-6(2)7/h3-5H2,1-2H3",1.8235860000000008
water,InChI=1/C3H6O2/c1-3(4)5-2/h1-2H3,1.9818090000000006
water,"InChI=1/C7H14O/c1-3-4-5-6-7(2)8/h3-6H2,1-2H3",1.7172990000000008
water,"InChI=1/C7H14O/c1-3-5-7(8)6-4-2/h3-6H2,1-2H3",1.7172990000000008
water,"InChI=1/C8H16O/c1-2-3-4-5-6-7-8-9/h8H,2-7H2,1H3",1.6846250000000003
water,"InChI=1/C4H8O2/c1-3-6-4(2)5/h3H2,1-2H3",1.8755220000000006
water,"InChI=1/C4H8O2/c1-3-4(5)6-2/h3H2,1-2H3",1.8755220000000006
water,"InChI=1/C5H10O2/c1-3-4-5(6)7-2/h3-4H2,1-2H3",1.7692350000000006
water,"InChI=1/C5H10O2/c1-3-4-7-5(2)6/h3-4H2,1-2H3",1.7692350000000006
water,"InChI=1/C8H16O/c1-3-4-5-6-7-8(2)9/h3-7H2,1-2H3",1.6110120000000008
water,"InChI=1/C9H18O/c1-3-5-7-9(10)8-6-4-2/h3-8H2,1-2H3",1.5047250000000008
water,"InChI=1/C6H12O2/c1-3-4-5-8-6(2)7/h3-5H2,1-2H3",1.6629480000000005
water,"InChI=1/C6H12O2/c1-3-4-5-6(7)8-2/h3-5H2,1-2H3",1.6629480000000005
water,"InChI=1/C7H14O2/c1-3-4-5-6-7(8)9-2/h3-6H2,1-2H3",1.5566610000000005
water,"InChI=1/C7H14O2/c1-3-4-5-6-9-7(2)8/h3-6H2,1-2H3",1.5566610000000005
water,"InChI=1/C9H18O2/c1-3-4-5-6-7-8-9(10)11-2/h3-8H2,1-2H3",1.3440870000000005
water,InChI=1/C6H6/c1-2-4-6-5-3-1/h1-6H,0.8951009999999999
water,InChI=1/C2H2/c1-2/h1-2H,0.3989190000000001
water,"InChI=1/C4H4/c1-3-4-2/h1,4H,2H2",0.314371
water,"InChI=1/C7H8/c1-7-5-3-2-4-6-7/h2-6H,1H3",0.715201
water,"InChI=1/C8H10/c1-2-8-6-4-3-5-7-8/h3-7H,2H2,1H3",0.608914
water,InChI=1/C4H8O/c1-2-4-5-3-1/h1-4H2,1.051372
water,InChI=1/C5H10O/c1-2-4-6-5-3-1/h1-5H2,0.945085
water,InChI=1/C2H6O/c1-3-2/h1-2H3,0.8247440000000004
water,"InChI=1/C4H10O/c1-4(2)5-3/h4H,1-3H3",0.6280789999999998
water,"InChI=1/C8H10/c1-7-4-3-5-8(2)6-7/h3-6H,1-2H3",0.535301
water,"InChI=1/C8H10/c1-7-5-3-4-6-8(7)2/h3-6H,1-2H3",0.535301
water,"InChI=1/C8H10/c1-7-3-5-8(2)6-4-7/h3-6H,1-2H3",0.535301
water,"InChI=1/C6H14O/c1-5(2)7-6(3)4/h5-6H,1-4H3",0.43141400000000035
water,"InChI=1/C3H4/c1-3-2/h1H,2H3",0.0730310000000001
water,"InChI=1/C4H10O/c1-3-5-4-2/h3-4H2,1-2H3",0.6121700000000003
water,"InChI=1/C4H10O/c1-3-4-5-2/h3-4H2,1-2H3",0.6121700000000003
water,"InChI=1/C5H12O/c1-5(2,3)6-4/h1-4H3",0.6051940000000005
water,"InChI=1/C4H6/c1-3-4-2/h1H,4H2,2H3",-0.03325599999999984
water,"InChI=1/C5H8/c1-3-5-4-2/h1H,4-5H2,2H3",-0.13954299999999986
water,"InChI=1/C6H10/c1-3-5-6-4-2/h1H,4-6H2,2H3",-0.24582999999999983
water,"InChI=1/C4H6/c1-3-4-2/h3-4H,1-2H2",-0.15061299999999986
water,"InChI=1/C5H8/c1-2-4-5-3-1/h1-2H,3-5H2",-0.008171999999999902
water,"InChI=1/C5H10/c1-3-5-4-2/h3,5H,4H2,1-2H3/b5-3+",-0.4473739999999999
water,"InChI=1/C3H6/c1-3-2/h3H,1H2,2H3",-0.39195299999999983
water,"InChI=1/C4H8/c1-3-4-2/h3H,1,4H2,2H3",-0.49823999999999985
water,InChI=1/C2H4/c1-2/h1-2H2,-0.442819
water,"InChI=1/C4H8/c1-4(2)3/h1H2,2-3H3",-0.5718529999999997
water,"InChI=1/C5H10/c1-3-5-4-2/h3H,1,4-5H2,2H3",-0.6045269999999998
water,"InChI=1/C6H12/c1-3-5-6-4-2/h3H,1,4-6H2,2H3",-0.7108139999999998
water,InChI=1/C3H6/c1-2-3-1/h1-3H2,-0.30037799999999987
water,InChI=1/CH4/h1H4,-0.30740499999999993
water,"InChI=1/C8H16/c1-7-5-3-4-6-8(7)2/h7-8H,3-6H2,1-2H3/t7-,8-/m0/s1",-0.7999949999999998
water,InChI=1/C5H10/c1-2-4-5-3-1/h1-5H2,-0.5129519999999999
water,InChI=1/C2H6/c1-2/h1-2H3,-0.6332929999999999
water,"InChI=1/C7H14/c1-7-5-3-2-4-6-7/h7H,2-6H2,1H3",-0.7096169999999999
water,"InChI=1/C4H10/c1-4(2)3/h4H,1-3H3",-0.829958
water,InChI=1/C6H12/c1-2-4-6-5-3-1/h1-6H2,-0.6192389999999999
water,"InChI=1/C3H8/c1-3-2/h3H2,1-2H3",-0.7395799999999999
water,"InChI=1/C4H10/c1-3-4-2/h3-4H2,1-2H3",-0.8458669999999999
water,"InChI=1/C7H16/c1-6(2)5-7(3)4/h6-7H,5H2,1-4H3",-1.13291
water,"InChI=1/C6H14/c1-4-5-6(2)3/h6H,4-5H2,1-3H3",-1.0425319999999998
water,"InChI=1/C5H12/c1-5(2,3)4/h1-4H3",-0.8528429999999996
water,"InChI=1/C5H12/c1-3-5-4-2/h3-5H2,1-2H3",-0.952154
water,"InChI=1/C8H18/c1-7(2)6-8(3,4)5/h7H,6H2,1-5H3",-1.155795
water,"InChI=1/C6H14/c1-3-5-6-4-2/h3-6H2,1-2H3",-1.058441
water,"InChI=1/C7H16/c1-3-5-7-6-4-2/h3-7H2,1-2H3",-1.164728
water,"InChI=1/C8H18/c1-3-5-7-8-6-4-2/h3-8H2,1-2H3",-1.271015
water,InChI=1/H2O2/c1-2/h1-2H,6.837092999999999
propanol,InChI=1/C4H8O2/c1-2-6-4-3-5-1/h1-4H2,3.3396349999999995
propanol,"InChI=1/C3H8O/c1-2-3-4/h4H,2-3H2,1H3",3.8693869999999997
propanol,"InChI=1/C4H8O/c1-3-4(2)5/h3H2,1-2H3",2.8523820000000004
propanol,"InChI=1/C2H6O/c1-2-3/h3H,2H2,1H3",3.4357559999999996
propanol,"InChI=1/C8H18/c1-3-5-7-8-6-4-2/h3-8H2,1-2H3",3.420271
propanol,"InChI=1/C7H8/c1-7-5-3-2-4-6-7/h2-6H,1H3",3.3302689999999995
pentanol,"InChI=1/C5H12O/c1-2-3-4-5-6/h6H,2-5H2,1H3",4.737844000000001
pentanol,"InChI=1/C2H4O2/c1-2(3)4/h1H3,(H,3,4)/f/h3H",4.566142
pentanol,InChI=1/C6H6/c1-2-4-6-5-3-1/h1-6H,2.9696059999999997
pentanol,"InChI=1/C4H8O2/c1-2-3-4(5)6/h2-3H2,1H3,(H,5,6)/f/h5H",5.496278
pentanol,"InChI=1/C8H10/c1-2-8-6-4-3-5-7-8/h3-7H,2H2,1H3",3.8595339999999996
pentanol,InChI=1/CH2O/c1-2/h1H2,1.4467750000000001
pentanol,"InChI=1/C6H12O2/c1-2-3-4-5-6(7)8/h2-5H2,1H3,(H,7,8)/f/h7H",6.426414
pentanol,InChI=1/H2O2/c1-2/h1-2H,4.927026
pentanol,"InChI=1/C7H8O/c1-6-4-2-3-5-7(6)8/h2-5,8H,1H3",5.86878
pentanol,"InChI=1/C7H8O/c1-6-2-4-7(8)5-3-6/h2-5,8H,1H3",5.86878
pentanol,"InChI=1/C5H10O2/c1-2-3-4-5(6)7/h2-4H2,1H3,(H,6,7)/f/h6H",5.961346000000001
pentanol,"InChI=1/C6H6O/c7-6-4-2-1-3-5-6/h1-5,7H",5.44392
pentanol,"InChI=1/C3H6O2/c1-2-3(4)5/h2H2,1H3,(H,4,5)/f/h4H",5.03121
pentanol,"InChI=1/C7H8/c1-7-5-3-2-4-6-7/h2-6H,1H3",3.3944659999999995
pentane,"InChI=1/C4H10O/c1-2-3-4-5/h5H,2-4H2,1H3",2.8145800000000003
pentane,"InChI=1/C7H16O/c1-2-3-4-5-6-7-8/h8H,2-7H2,1H3",4.263676
pentane,"InChI=1/C6H14O/c1-2-3-4-5-6-7/h7H,2-6H2,1H3",3.780644
pentane,"InChI=1/C5H12O/c1-2-3-4-5-6/h6H,2-5H2,1H3",3.2976120000000004
pentane,"InChI=1/C3H8O/c1-2-3-4/h4H,2-3H2,1H3",2.331548
pentane,"InChI=1/C7H14O/c1-3-4-5-6-7(2)8/h3-6H2,1-2H3",4.048212
pentane,"InChI=1/C6H12O/c1-3-4-5-6(2)7/h3-5H2,1-2H3",3.5651800000000002
pentane,"InChI=1/C5H10O/c1-3-4-5(2)6/h3-4H2,1-2H3",3.082148
pentane,"InChI=1/C6H12O/c1-5(7)6(2,3)4/h1-4H3",3.17216
pentane,"InChI=1/C6H12O2/c1-3-4-5-8-6(2)7/h3-5H2,1-2H3",3.563464
pentane,"InChI=1/C2H6O/c1-2-3/h3H,2H2,1H3",1.848516
pentane,"InChI=1/C4H8O2/c1-3-6-4(2)5/h3H2,1-2H3",2.5974
pentane,"InChI=1/CH4O/c1-2/h2H,1H3",1.3654840000000004
pentane,InChI=1/C3H6O2/c1-3(4)5-2/h1-2H3,2.114368
pentane,"InChI=1/C7H14O2/c1-3-4-5-6-7(8)9-2/h3-6H2,1-2H3",4.046496
pentane,"InChI=1/C6H12O2/c1-3-4-5-6(7)8-2/h3-5H2,1-2H3",3.563464
pentane,"InChI=1/C4H8O2/c1-3-4(5)6-2/h3H2,1-2H3",2.5974
pentane,"InChI=1/C5H12/c1-3-5-4-2/h3-5H2,1-2H3",2.520352
pentane,"InChI=1/C7H14O2/c1-3-4-5-6-9-7(2)8/h3-6H2,1-2H3",4.046496
pentane,"InChI=1/C6H6O/c7-6-4-2-1-3-5-6/h1-5,7H",3.756524
pentane,"InChI=1/C5H10O2/c1-3-4-7-5(2)6/h3-4H2,1-2H3",3.080432
octanol,"InChI=1/C4H10O2/c1-5-3-4-6-2/h3-4H2,1-2H3",2.8492199999999994
octanol,"InChI=1/C2H6O2/c3-1-2-4/h3-4H,1-2H2",4.832184
octanol,InChI=1/C4H8O2/c1-2-6-4-3-5-1/h1-4H2,3.2154519999999995
octanol,"InChI=1/C4H10O/c1-2-3-4-5/h5H,2-4H2,1H3",4.059155
octanol,"InChI=1/C4H8/c1-3-4-2/h3H,1,4H2,2H3",1.5876719999999998
octanol,"InChI=1/C10H22O/c1-2-3-4-5-6-7-8-9-10-11/h11H,2-10H2,1H3",6.870521
octanol,"InChI=1/C7H16O/c1-2-3-4-5-6-7-8/h8H,2-7H2,1H3",5.464838
octanol,"InChI=1/C6H14O/c1-2-3-4-5-6-7/h7H,2-6H2,1H3",4.996277
octanol,"InChI=1/C6H12/c1-3-5-6-4-2/h3H,1,4-6H2,2H3",2.524794
octanol,"InChI=1/C6H10/c1-3-5-6-4-2/h1H,4-6H2,2H3",2.543144
octanol,"InChI=1/C8H18O/c1-2-3-4-5-6-7-8-9/h9H,2-8H2,1H3",5.9333990000000005
octanol,"InChI=1/C5H12O/c1-2-3-4-5-6/h6H,2-5H2,1H3",4.527716
octanol,"InChI=1/C5H8/c1-3-5-4-2/h1H,4-5H2,2H3",2.0745829999999996
octanol,"InChI=1/C3H8O/c1-2-3-4/h4H,2-3H2,1H3",3.590594
octanol,"InChI=1/C5H12/c1-5(2,3)4/h1-4H3",1.7528980000000003
octanol,"InChI=1/C4H8O/c1-3-4(2)5/h3H2,1-2H3",2.7275709999999997
octanol,"InChI=1/C7H14O/c1-3-4-5-6-7(2)8/h3-6H2,1-2H3",4.133254
octanol,"InChI=1/C6H12O/c1-3-4-5-6(2)7/h3-5H2,1-2H3",3.664693
octanol,"InChI=1/C3H8O2/c1-5-3-2-4/h4H,2-3H2,1H3",4.177514
octanol,"InChI=1/C4H10/c1-4(2)3/h4H,1-3H3",1.4551290000000001
octanol,"InChI=1/C4H8/c1-4(2)3/h1H2,2-3H3",1.5482029999999996
octanol,"InChI=1/C8H16O/c1-3-4-5-6-7-8(2)9/h3-7H2,1-2H3",4.601814999999999
octanol,"InChI=1/C5H10O/c1-3-4-5(2)6/h3-4H2,1-2H3",3.196132
octanol,"InChI=1/C6H12O/c1-5(7)6(2,3)4/h1-4H3",3.2736499999999995
octanol,"InChI=1/C5H10O/c1-3-5(6)4-2/h3-4H2,1-2H3",3.196132
octanol,"InChI=1/C2H4O2/c1-2(3)4/h1H3,(H,3,4)/f/h3H",4.284853
octanol,InChI=1/C3H6O/c1-3(2)4/h1-2H3,2.2590099999999995
octanol,"InChI=1/C8H8O/c1-7(9)8-5-3-2-4-6-8/h2-6H,1H3",4.8910659999999995
octanol,"InChI=1/C3H6O/c1-2-3-4/h2,4H,1,3H2",3.5028859999999997
octanol,"InChI=1/C7H8O/c1-8-7-5-3-2-4-6-7/h2-6H,1H3",3.957233999999999
octanol,InChI=1/C14H10/c1-2-6-12-10-14-8-4-3-7-13(14)9-11(12)5-1/h1-10H,7.214281999999998
octanol,InChI=1/C7H6O/c8-6-7-4-2-1-3-5-7/h1-6H,4.461974
octanol,InChI=1/C6H6/c1-2-4-6-5-3-1/h1-6H,2.941221999999999
octanol,"InChI=1/C4H8O/c1-2-3-4-5/h4H,2-3H2,1H3",2.7670399999999997
octanol,"InChI=1/C4H8O2/c1-2-3-4(5)6/h2-3H2,1H3,(H,5,6)/f/h5H",5.221975
octanol,"InChI=1/C6H12O2/c1-3-4-5-8-6(2)7/h3-5H2,1-2H3",3.63773
octanol,InChI=1/C6H12/c1-2-4-6-5-3-1/h1-6H2,2.9787339999999998
octanol,InChI=1/C5H10/c1-2-4-5-3-1/h1-5H2,2.5101729999999995
octanol,InChI=1/C5H8O/c6-5-3-1-2-4-5/h1-4H2,3.5623639999999996
octanol,InChI=1/C3H6/c1-2-3-1/h1-3H2,1.5730509999999998
octanol,"InChI=1/C4H10O/c1-3-5-4-2/h3-4H2,1-2H3",2.2622999999999993
octanol,InChI=1/C2H6O/c1-3-2/h1-2H3,1.325178
octanol,InChI=1/C2H6/c1-2/h1-2H3,0.7382580000000001
octanol,"InChI=1/C2H6O/c1-2-3/h3H,2H2,1H3",3.122033
octanol,InChI=1/C2H4/c1-2/h1-2H2,0.575346
octanol,"InChI=1/C4H8O2/c1-3-6-4(2)5/h3H2,1-2H3",2.7006079999999995
octanol,"InChI=1/C8H10O/c1-2-9-8-6-4-3-5-7-8/h3-7H,2H2,1H3",4.425795
octanol,"InChI=1/C8H10/c1-2-8-6-4-3-5-7-8/h3-7H,2H2,1H3",3.8388749999999994
octanol,InChI=1/C2H2/c1-2/h1-2H,0.852016
octanol,InChI=1/CH2O/c1-2/h1H2,1.2861529999999999
octanol,InChI=1/C4H6O2/c5-4-2-1-3-6-4/h1-3H2,3.0668399999999996
octanol,"InChI=1/C6H12O2/c1-2-3-4-5-6(7)8/h2-5H2,1H3,(H,7,8)/f/h7H",6.159097
octanol,InChI=1/H2O2/c1-2/h1-2H,4.568686
octanol,"InChI=1/C3H8O/c1-3(2)4/h3-4H,1-2H3",3.3703429999999996
octanol,"InChI=1/C7H8O/c1-6-3-2-4-7(8)5-6/h2-5,8H,1H3",5.714619999999999
octanol,InChI=1/CH4/h1H4,0.452813
octanol,"InChI=1/CH4O/c1-2/h2H,1H3",2.6534720000000003
octanol,InChI=1/C3H6O2/c1-3(4)5-2/h1-2H3,2.2320469999999997
octanol,"InChI=1/C8H8O2/c1-10-8(9)7-5-3-2-4-6-7/h2-6H,1H3",4.864102999999999
octanol,"InChI=1/C5H10O2/c1-3-4-5(6)7-2/h3-4H2,1-2H3",3.1691689999999997
octanol,"InChI=1/C2H4O2/c1-4-2-3/h2H,1H3",1.946602
octanol,"InChI=1/C4H10O/c1-4(2)5-3/h4H,1-3H3",2.042049
octanol,"InChI=1/C6H12O2/c1-3-4-5-6(7)8-2/h3-5H2,1-2H3",3.63773
octanol,"InChI=1/C4H8O2/c1-3-4(5)6-2/h3H2,1-2H3",2.7006079999999995
octanol,"InChI=1/C4H10O/c1-3-4-5-2/h3-4H2,1-2H3",2.2622999999999993
octanol,"InChI=1/C7H14/c1-7-5-3-2-4-6-7/h7H,2-6H2,1H3",3.2270439999999994
octanol,"InChI=1/C7H6O2/c8-5-6-2-1-3-7(9)4-6/h1-5,9H",6.806279999999999
octanol,"InChI=1/C8H10/c1-7-4-3-5-8(2)6-7/h3-6H,1-2H3",3.7994059999999994
octanol,InChI=1/C10H8/c1-2-6-10-8-4-3-7-9(10)5-1/h1-8H,5.0777519999999985
octanol,"InChI=1/C4H10/c1-3-4-2/h3-4H2,1-2H3",1.6753799999999999
octanol,"InChI=1/C7H16/c1-3-5-7-6-4-2/h3-7H2,1-2H3",3.0810630000000003
octanol,"InChI=1/C6H14/c1-3-5-6-4-2/h3-6H2,1-2H3",2.612502
octanol,"InChI=1/C8H18/c1-3-5-7-8-6-4-2/h3-8H2,1-2H3",3.549624
octanol,"InChI=1/C5H12/c1-3-5-4-2/h3-5H2,1-2H3",2.143941
octanol,"InChI=1/C3H8/c1-3-2/h3H2,1-2H3",1.2068189999999999
octanol,"InChI=1/C7H8O/c1-6-4-2-3-5-7(6)8/h2-5,8H,1H3",5.714619999999999
octanol,"InChI=1/C8H10/c1-7-5-3-4-6-8(7)2/h3-6H,1-2H3",3.7994059999999994
octanol,"InChI=1/C7H8O/c1-6-2-4-7(8)5-3-6/h2-5,8H,1H3",5.714619999999999
octanol,"InChI=1/C5H10O2/c1-2-3-4-5(6)7/h2-4H2,1H3,(H,6,7)/f/h6H",5.690536
octanol,"InChI=1/C6H6O/c7-6-4-2-1-3-5-6/h1-5,7H",5.285527999999999
octanol,"InChI=1/C7H6O2/c8-5-6-1-3-7(9)4-2-6/h1-5,9H",6.806279999999999
octanol,"InChI=1/C3H6O/c1-2-3-4/h3H,2H2,1H3",2.298479
octanol,"InChI=1/C3H6O2/c1-2-3(4)5/h2H2,1H3,(H,4,5)/f/h4H",4.753414
octanol,"InChI=1/C3H6/c1-3-2/h3H,1H2,2H3",1.1191109999999997
octanol,"InChI=1/C5H10O2/c1-3-4-7-5(2)6/h3-4H2,1-2H3",3.1691689999999997
octanol,"InChI=1/C3H4/c1-3-2/h1H,2H3",1.137461
octanol,"InChI=1/C8H10/c1-7-3-5-8(2)6-4-7/h3-6H,1-2H3",3.7994059999999994
octanol,"InChI=1/C4H6/c1-3-4-2/h3-4H,1-2H2",1.499964
octanol,"InChI=1/C4H10O/c1-4(2,3)5/h5H,1-3H3",3.668112
octanol,"InChI=1/C5H12O/c1-5(2,3)6-4/h1-4H3",2.3398179999999997
octanol,InChI=1/C4H8O/c1-2-4-5-3-1/h1-4H2,2.628532
octanol,InChI=1/C5H10O/c1-2-4-6-5-3-1/h1-5H2,3.097092999999999
octanol,"InChI=1/C7H8/c1-7-5-3-2-4-6-7/h2-6H,1H3",3.370313999999999
octanol,InChI=1/H2O/h1H2,2.368027
octane,"InChI=1/C4H10O/c1-2-3-4-5/h5H,2-4H2,1H3",2.738495
octane,"InChI=1/C7H16O/c1-2-3-4-5-6-7-8/h8H,2-7H2,1H3",4.186094000000001
octane,"InChI=1/C6H14O/c1-2-3-4-5-6-7/h7H,2-6H2,1H3",3.703561
octane,"InChI=1/C5H12O/c1-2-3-4-5-6/h6H,2-5H2,1H3",3.221028
octane,"InChI=1/C3H8O/c1-2-3-4/h4H,2-3H2,1H3",2.255962
octane,"InChI=1/C4H8O/c1-3-4(2)5/h3H2,1-2H3",2.517359
octane,"InChI=1/C7H14O/c1-3-4-5-6-7(2)8/h3-6H2,1-2H3",3.964958
octane,"InChI=1/C6H12O/c1-3-4-5-6(2)7/h3-5H2,1-2H3",3.482425
octane,"InChI=1/C5H10O/c1-3-4-5(2)6/h3-4H2,1-2H3",2.999892
octane,"InChI=1/C6H12O/c1-5(7)6(2,3)4/h1-4H3",3.08505
octane,InChI=1/C3H6O/c1-3(2)4/h1-2H3,2.034826
octane,"InChI=1/C6H12O2/c1-3-4-5-8-6(2)7/h3-5H2,1-2H3",3.458266
octane,"InChI=1/C2H6O/c1-2-3/h3H,2H2,1H3",1.773429
octane,"InChI=1/C4H8O2/c1-3-6-4(2)5/h3H2,1-2H3",2.4932
octane,"InChI=1/C7H8O/c1-6-3-2-4-7(8)5-6/h2-5,8H,1H3",4.280836
octane,"InChI=1/CH4O/c1-2/h2H,1H3",1.2908960000000003
octane,InChI=1/C3H6O2/c1-3(4)5-2/h1-2H3,2.0106669999999998
octane,"InChI=1/C7H14O2/c1-3-4-5-6-7(8)9-2/h3-6H2,1-2H3",3.940799
octane,"InChI=1/C6H12O2/c1-3-4-5-6(7)8-2/h3-5H2,1-2H3",3.458266
octane,"InChI=1/C4H8O2/c1-3-4(5)6-2/h3H2,1-2H3",2.4932
octane,"InChI=1/C8H18/c1-3-5-7-8-6-4-2/h3-8H2,1-2H3",3.854762
octane,"InChI=1/C7H8O/c1-6-4-2-3-5-7(6)8/h2-5,8H,1H3",4.280836
octane,"InChI=1/C7H8O/c1-6-2-4-7(8)5-3-6/h2-5,8H,1H3",4.280836
octane,"InChI=1/C7H14O2/c1-3-4-5-6-9-7(2)8/h3-6H2,1-2H3",3.940799
octane,"InChI=1/C6H6O/c7-6-4-2-1-3-5-6/h1-5,7H",3.8209359999999997
octane,"InChI=1/C5H10O2/c1-3-4-7-5(2)6/h3-4H2,1-2H3",2.975733
octane,"InChI=1/C7H8/c1-7-5-3-2-4-6-7/h2-6H,1H3",3.4896039999999995
nonane,"InChI=1/C4H10O/c1-2-3-4-5/h5H,2-4H2,1H3",2.7378750000000003
nonane,"InChI=1/C7H16O/c1-2-3-4-5-6-7-8/h8H,2-7H2,1H3",4.204935000000001
nonane,"InChI=1/C6H14O/c1-2-3-4-5-6-7/h7H,2-6H2,1H3",3.7159150000000003
nonane,"InChI=1/C5H12O/c1-2-3-4-5-6/h6H,2-5H2,1H3",3.2268950000000003
nonane,"InChI=1/C3H8O/c1-2-3-4/h4H,2-3H2,1H3",2.2488550000000003
nonane,"InChI=1/C4H8O/c1-3-4(2)5/h3H2,1-2H3",2.516245
nonane,"InChI=1/C7H14O/c1-3-4-5-6-7(2)8/h3-6H2,1-2H3",3.9833050000000005
nonane,"InChI=1/C6H12O/c1-3-4-5-6(2)7/h3-5H2,1-2H3",3.494285
nonane,"InChI=1/C5H10O/c1-3-4-5(2)6/h3-4H2,1-2H3",3.005265
nonane,"InChI=1/C6H12O/c1-5(7)6(2,3)4/h1-4H3",3.09357
nonane,"InChI=1/C6H12O2/c1-3-4-5-8-6(2)7/h3-5H2,1-2H3",3.4792400000000003
nonane,"InChI=1/C2H6O/c1-2-3/h3H,2H2,1H3",1.7598349999999998
nonane,"InChI=1/C4H8O2/c1-3-6-4(2)5/h3H2,1-2H3",2.5012
nonane,"InChI=1/CH4O/c1-2/h2H,1H3",1.2708150000000002
nonane,InChI=1/C3H6O2/c1-3(4)5-2/h1-2H3,2.01218
nonane,"InChI=1/C7H14O2/c1-3-4-5-6-7(8)9-2/h3-6H2,1-2H3",3.9682600000000003
nonane,"InChI=1/C6H12O2/c1-3-4-5-6(7)8-2/h3-5H2,1-2H3",3.4792400000000003
nonane,"InChI=1/C4H8O2/c1-3-4(5)6-2/h3H2,1-2H3",2.5012
nonane,"InChI=1/C9H20/c1-3-5-7-9-8-6-4-2/h3-9H2,1-2H3",4.373900000000001
nonane,"InChI=1/C7H8O/c1-6-4-2-3-5-7(6)8/h2-5,8H,1H3",4.240695
nonane,"InChI=1/C7H14O2/c1-3-4-5-6-9-7(2)8/h3-6H2,1-2H3",3.9682600000000003
nonane,"InChI=1/C6H6O/c7-6-4-2-1-3-5-6/h1-5,7H",3.7753749999999995
nonane,"InChI=1/C5H10O2/c1-3-4-7-5(2)6/h3-4H2,1-2H3",2.99022
nitrobenzene,"InChI=1/C2H4O2/c1-2(3)4/h1H3,(H,3,4)/f/h3H",3.1806900000000002
nitrobenzene,"InChI=1/C4H8O2/c1-2-3-4(5)6/h2-3H2,1H3,(H,5,6)/f/h5H",4.09386
nitrobenzene,"InChI=1/C6H12O2/c1-2-3-4-5-6(7)8/h2-5H2,1H3,(H,7,8)/f/h7H",5.00703
nitrobenzene,InChI=1/H2O2/c1-2/h1-2H,3.512923
nitrobenzene,"InChI=1/C7H8O/c1-6-3-2-4-7(8)5-6/h2-5,8H,1H3",5.71635
nitrobenzene,"InChI=1/CH4O/c1-2/h2H,1H3",2.0889740000000003
nitrobenzene,"InChI=1/C7H8O/c1-6-4-2-3-5-7(6)8/h2-5,8H,1H3",5.71635
nitrobenzene,"InChI=1/C7H8O/c1-6-2-4-7(8)5-3-6/h2-5,8H,1H3",5.71635
nitrobenzene,"InChI=1/C5H10O2/c1-2-3-4-5(6)7/h2-4H2,1H3,(H,6,7)/f/h6H",4.550445
nitrobenzene,"InChI=1/C6H6O/c7-6-4-2-1-3-5-6/h1-5,7H",5.32169
nitrobenzene,"InChI=1/C3H6O2/c1-2-3(4)5/h2H2,1H3,(H,4,5)/f/h4H",3.6372750000000003
hexanol,"InChI=1/C6H14O/c1-2-3-4-5-6-7/h7H,2-6H2,1H3",5.148745
hexanol,"InChI=1/C2H4O2/c1-2(3)4/h1H3,(H,3,4)/f/h3H",4.4925250000000005
hexanol,InChI=1/C6H6/c1-2-4-6-5-3-1/h1-6H,2.997349
hexanol,"InChI=1/C8H10/c1-2-8-6-4-3-5-7-8/h3-7H,2H2,1H3",3.8896249999999997
hexanol,InChI=1/CH2O/c1-2/h1H2,1.402194
hexanol,"InChI=1/C7H8O/c1-6-3-2-4-7(8)5-6/h2-5,8H,1H3",5.832881
hexanol,"InChI=1/C7H8O/c1-6-4-2-3-5-7(6)8/h2-5,8H,1H3",5.832881
hexanol,"InChI=1/C7H8O/c1-6-2-4-7(8)5-3-6/h2-5,8H,1H3",5.832881
hexanol,"InChI=1/C6H6O/c7-6-4-2-1-3-5-6/h1-5,7H",5.407669
hexanol,"InChI=1/C7H8/c1-7-5-3-2-4-6-7/h2-6H,1H3",3.4225609999999995
hexane,InChI=1/C4H8O2/c1-2-6-4-3-5-1/h1-4H2,3.0315899999999996
hexane,"InChI=1/C4H10O/c1-2-3-4-5/h5H,2-4H2,1H3",2.8223350000000003
hexane,"InChI=1/C7H16O/c1-2-3-4-5-6-7-8/h8H,2-7H2,1H3",4.287898
hexane,"InChI=1/C6H14O/c1-2-3-4-5-6-7/h7H,2-6H2,1H3",3.7993770000000002
hexane,"InChI=1/C5H12O/c1-2-3-4-5-6/h6H,2-5H2,1H3",3.3108560000000002
hexane,"InChI=1/C3H8O/c1-2-3-4/h4H,2-3H2,1H3",2.333814
hexane,"InChI=1/C4H8O/c1-3-4(2)5/h3H2,1-2H3",2.601559
hexane,"InChI=1/C7H14O/c1-3-4-5-6-7(2)8/h3-6H2,1-2H3",4.067122
hexane,"InChI=1/C6H12O/c1-3-4-5-6(2)7/h3-5H2,1-2H3",3.5786010000000004
hexane,"InChI=1/C6H12O/c1-5(7)6(2,3)4/h1-4H3",3.178802
hexane,"InChI=1/C2H4O2/c1-2(3)4/h1H3,(H,3,4)/f/h3H",2.0999790000000003
hexane,InChI=1/C3H6O/c1-3(2)4/h1-2H3,2.113038
hexane,"InChI=1/C8H8O/c1-7(9)8-5-3-2-4-6-8/h2-6H,1H3",4.599974
hexane,InChI=1/C7H6O/c8-6-7-4-2-1-3-5-7/h1-6H,4.1353219999999995
hexane,InChI=1/C6H6/c1-2-4-6-5-3-1/h1-6H,3.0633119999999994
hexane,"InChI=1/C6H12O2/c1-3-4-5-8-6(2)7/h3-5H2,1-2H3",3.5659620000000003
hexane,"InChI=1/C2H6O/c1-2-3/h3H,2H2,1H3",1.8452929999999999
hexane,"InChI=1/C4H8O2/c1-3-6-4(2)5/h3H2,1-2H3",2.58892
hexane,"InChI=1/C8H10/c1-2-8-6-4-3-5-7-8/h3-7H,2H2,1H3",4.016484999999999
hexane,"InChI=1/CH4O/c1-2/h2H,1H3",1.356772
hexane,InChI=1/C3H6O2/c1-3(4)5-2/h1-2H3,2.100399
hexane,"InChI=1/C7H14O2/c1-3-4-5-6-7(8)9-2/h3-6H2,1-2H3",4.054483
hexane,"InChI=1/C6H12O2/c1-3-4-5-6(7)8-2/h3-5H2,1-2H3",3.5659620000000003
hexane,"InChI=1/C4H8O2/c1-3-4(5)6-2/h3H2,1-2H3",2.58892
hexane,"InChI=1/C8H10/c1-7-4-3-5-8(2)6-7/h3-6H,1-2H3",3.992616
hexane,"InChI=1/C6H14/c1-3-5-6-4-2/h3-6H2,1-2H3",2.995112
hexane,"InChI=1/C8H18/c1-3-5-7-8-6-4-2/h3-8H2,1-2H3",3.972154
hexane,"InChI=1/C7H8O/c1-6-4-2-3-5-7(6)8/h2-5,8H,1H3",4.30836
hexane,"InChI=1/C8H10/c1-7-5-3-4-6-8(7)2/h3-6H,1-2H3",3.992616
hexane,"InChI=1/C7H8O/c1-6-2-4-7(8)5-3-6/h2-5,8H,1H3",4.30836
hexane,"InChI=1/C7H14O2/c1-3-4-5-6-9-7(2)8/h3-6H2,1-2H3",4.054483
hexane,"InChI=1/C6H6O/c7-6-4-2-1-3-5-6/h1-5,7H",3.8437079999999995
hexane,"InChI=1/C7H6O2/c8-5-6-1-3-7(9)4-2-6/h1-5,9H",4.915718
hexane,"InChI=1/C3H6O2/c1-2-3(4)5/h2H2,1H3,(H,4,5)/f/h4H",2.5885000000000002
hexane,"InChI=1/C5H10O2/c1-3-4-7-5(2)6/h3-4H2,1-2H3",3.077441
hexane,"InChI=1/C8H10/c1-7-3-5-8(2)6-4-7/h3-6H,1-2H3",3.992616
hexane,"InChI=1/C7H8/c1-7-5-3-2-4-6-7/h2-6H,1H3",3.5279639999999994
hexadecane,"InChI=1/C4H10O2/c1-5-3-4-6-2/h3-4H2,1-2H3",2.4899999999999998
hexadecane,"InChI=1/C2H6O2/c3-1-2-4/h3-4H,1-2H2",1.674
hexadecane,InChI=1/C4H8O2/c1-2-6-4-3-5-1/h1-4H2,2.8459999999999996
hexadecane,"InChI=1/C4H10O/c1-2-3-4-5/h5H,2-4H2,1H3",2.62
hexadecane,"InChI=1/C4H8/c1-3-4-2/h3H,1,4H2,2H3",1.6629999999999998
hexadecane,"InChI=1/C4H6/c1-3-4-2/h1H,4H2,2H3",1.6139999999999999
hexadecane,"InChI=1/C10H22O/c1-2-3-4-5-6-7-8-9-10-11/h11H,2-10H2,1H3",5.614
hexadecane,"InChI=1/C7H16O/c1-2-3-4-5-6-7-8/h8H,2-7H2,1H3",4.117000000000001
hexadecane,"InChI=1/C6H14O/c1-2-3-4-5-6-7/h7H,2-6H2,1H3",3.6180000000000003
hexadecane,"InChI=1/C6H12/c1-3-5-6-4-2/h3H,1,4-6H2,2H3",2.661
hexadecane,"InChI=1/C6H10/c1-3-5-6-4-2/h1H,4-6H2,2H3",2.612
hexadecane,"InChI=1/C8H18O/c1-2-3-4-5-6-7-8-9/h9H,2-8H2,1H3",4.6160000000000005
hexadecane,"InChI=1/C5H12O/c1-2-3-4-5-6/h6H,2-5H2,1H3",3.119
hexadecane,"InChI=1/C5H10/c1-3-5-4-2/h3H,1,4-5H2,2H3",2.162
hexadecane,"InChI=1/C5H8/c1-3-5-4-2/h1H,4-5H2,2H3",2.113
hexadecane,"InChI=1/C3H8O/c1-2-3-4/h4H,2-3H2,1H3",2.121
hexadecane,"InChI=1/C8H18/c1-7(2)6-8(3,4)5/h7H,6H2,1-5H3",3.126
hexadecane,"InChI=1/C5H12/c1-5(2,3)4/h1-4H3",1.8570000000000002
hexadecane,"InChI=1/C7H16/c1-6(2)5-7(3)4/h6-7H,5H2,1-4H3",2.8109999999999995
hexadecane,"InChI=1/C4H8O/c1-3-4(2)5/h3H2,1-2H3",2.39
hexadecane,"InChI=1/C7H14O/c1-3-4-5-6-7(2)8/h3-6H2,1-2H3",3.8870000000000005
hexadecane,"InChI=1/C6H12O/c1-3-4-5-6(2)7/h3-5H2,1-2H3",3.3880000000000003
hexadecane,"InChI=1/C6H14/c1-4-5-6(2)3/h6H,4-5H2,1-3H3",2.54
hexadecane,"InChI=1/C4H10/c1-4(2)3/h4H,1-3H3",1.5420000000000003
hexadecane,"InChI=1/C8H16O/c1-3-4-5-6-7-8(2)9/h3-7H2,1-2H3",4.386
hexadecane,"InChI=1/C5H10O/c1-3-4-5(2)6/h3-4H2,1-2H3",2.8890000000000002
hexadecane,"InChI=1/C6H12O/c1-5(7)6(2,3)4/h1-4H3",2.976
hexadecane,"InChI=1/C5H10O/c1-3-5(6)4-2/h3-4H2,1-2H3",2.8890000000000002
hexadecane,"InChI=1/C7H14O/c1-3-5-7(8)6-4-2/h3-6H2,1-2H3",3.8870000000000005
hexadecane,"InChI=1/C9H18O/c1-3-5-7-9(10)8-6-4-2/h3-8H2,1-2H3",4.885000000000001
hexadecane,"InChI=1/C2H4O/c1-2-3/h2H,1H3",1.415
hexadecane,"InChI=1/C2H4O2/c1-2(3)4/h1H3,(H,3,4)/f/h3H",1.8730000000000002
hexadecane,InChI=1/C3H6O/c1-3(2)4/h1-2H3,1.891
hexadecane,"InChI=1/C8H8O/c1-7(9)8-5-3-2-4-6-8/h2-6H,1H3",4.539
hexadecane,"InChI=1/C3H6O/c1-2-3-4/h2,4H,1,3H2",2.014
hexadecane,"InChI=1/C7H8O/c1-8-7-5-3-2-4-6-7/h2-6H,1H3",3.7799999999999994
hexadecane,InChI=1/C14H10/c1-2-6-12-10-14-8-4-3-7-13(14)9-11(12)5-1/h1-10H,7.315999999999998
hexadecane,InChI=1/C7H6O/c8-6-7-4-2-1-3-5-7/h1-6H,4.063
hexadecane,InChI=1/C6H6/c1-2-4-6-5-3-1/h1-6H,2.9439999999999995
hexadecane,"InChI=1/C4H8O/c1-2-3-4-5/h4H,2-3H2,1H3",2.413
hexadecane,"InChI=1/C4H8O2/c1-2-3-4(5)6/h2-3H2,1H3,(H,5,6)/f/h5H",2.871
hexadecane,"InChI=1/C6H12O2/c1-3-4-5-8-6(2)7/h3-5H2,1-2H3",3.358
hexadecane,InChI=1/C18H12/c1-3-7-15-13(5-1)9-11-18-16-8-4-2-6-14(16)10-12-17(15)18/h1-12H,9.502
hexadecane,InChI=1/C6H12/c1-2-4-6-5-3-1/h1-6H2,3.124
hexadecane,InChI=1/C5H10/c1-2-4-5-3-1/h1-5H2,2.625
hexadecane,"InChI=1/C5H10O/c6-5-3-1-2-4-5/h5-6H,1-4H2",3.247
hexadecane,InChI=1/C5H8O/c6-5-3-1-2-4-5/h1-4H2,3.245
hexadecane,InChI=1/C3H6/c1-2-3-1/h1-3H2,1.6269999999999998
hexadecane,"InChI=1/C4H10O/c1-3-5-4-2/h3-4H2,1-2H3",2.13
hexadecane,InChI=1/C2H6O/c1-3-2/h1-2H3,1.1320000000000001
hexadecane,InChI=1/C2H6/c1-2/h1-2H3,0.772
hexadecane,"InChI=1/C2H6O/c1-2-3/h3H,2H2,1H3",1.6219999999999999
hexadecane,InChI=1/C2H4/c1-2/h1-2H2,0.618
hexadecane,"InChI=1/C4H8O2/c1-3-6-4(2)5/h3H2,1-2H3",2.36
hexadecane,"InChI=1/C3H6O2/c1-2-5-3-4/h3H,2H2,1H3",2.0389999999999997
hexadecane,"InChI=1/C8H10O/c1-2-9-8-6-4-3-5-7-8/h3-7H,2H2,1H3",4.279
hexadecane,"InChI=1/C8H10/c1-2-8-6-4-3-5-7-8/h3-7H,2H2,1H3",3.9189999999999996
hexadecane,"InChI=1/C20H40O2/c1-3-5-6-7-8-9-10-11-12-13-14-15-16-17-18-19(4-2)20(21)22/h19H,3-18H2,1-2H3,(H,21,22)/p-1/t19-/m1/s1/fC20H39O2/q-1",10.627
hexadecane,InChI=1/C2H2/c1-2/h1-2H,0.794
hexadecane,InChI=1/CH2O/c1-2/h1H2,0.869
hexadecane,"InChI=1/C6H12O2/c1-2-3-4-5-6(7)8/h2-5H2,1H3,(H,7,8)/f/h7H",3.869
hexadecane,InChI=1/H2O2/c1-2/h1-2H,1.4740000000000002
hexadecane,"InChI=1/C3H8O/c1-3(2)4/h3-4H,1-2H3",1.8929999999999998
hexadecane,"InChI=1/C6H14O/c1-5(2)7-6(3)4/h5-6H,1-4H3",2.6719999999999997
hexadecane,"InChI=1/C7H8O/c1-6-3-2-4-7(8)5-6/h2-5,8H,1H3",4.247
hexadecane,InChI=1/CH4/h1H4,0.451
hexadecane,"InChI=1/CH4O/c1-2/h2H,1H3",1.1230000000000002
hexadecane,InChI=1/C3H6O2/c1-3(4)5-2/h1-2H3,1.8609999999999998
hexadecane,"InChI=1/C8H8O2/c1-10-8(9)7-5-3-2-4-6-7/h2-6H,1H3",4.5089999999999995
hexadecane,"InChI=1/C5H10O2/c1-3-4-5(6)7-2/h3-4H2,1-2H3",2.859
hexadecane,"InChI=1/C2H4O2/c1-4-2-3/h2H,1H3",1.54
hexadecane,"InChI=1/C7H14O2/c1-3-4-5-6-7(8)9-2/h3-6H2,1-2H3",3.857
hexadecane,"InChI=1/C6H12O2/c1-3-4-5-6(7)8-2/h3-5H2,1-2H3",3.358
hexadecane,"InChI=1/C4H8O2/c1-3-4(5)6-2/h3H2,1-2H3",2.36
hexadecane,"InChI=1/C7H14/c1-7-5-3-2-4-6-7/h7H,2-6H2,1H3",3.395
hexadecane,"InChI=1/C8H10/c1-7-4-3-5-8(2)6-7/h3-6H,1-2H3",3.896
hexadecane,InChI=1/C10H8/c1-2-6-10-8-4-3-7-9(10)5-1/h1-8H,5.129999999999999
hexadecane,"InChI=1/C4H10/c1-3-4-2/h3-4H2,1-2H3",1.77
hexadecane,"InChI=1/C7H16/c1-3-5-7-6-4-2/h3-7H2,1-2H3",3.2670000000000003
hexadecane,"InChI=1/C16H34/c1-3-5-7-9-11-13-15-16-14-12-10-8-6-4-2/h3-16H2,1-2H3",7.757999999999998
hexadecane,"InChI=1/C6H14/c1-3-5-6-4-2/h3-6H2,1-2H3",2.7680000000000002
hexadecane,"InChI=1/C8H18/c1-3-5-7-8-6-4-2/h3-8H2,1-2H3",3.7660000000000005
hexadecane,"InChI=1/C5H12/c1-3-5-4-2/h3-5H2,1-2H3",2.269
hexadecane,"InChI=1/C3H8/c1-3-2/h3H2,1-2H3",1.271
hexadecane,"InChI=1/C7H8O/c1-6-4-2-3-5-7(6)8/h2-5,8H,1H3",4.247
hexadecane,"InChI=1/C8H16O/c1-2-3-4-5-6-7-8-9/h8H,2-7H2,1H3",4.409
hexadecane,"InChI=1/C8H10/c1-7-5-3-4-6-8(7)2/h3-6H,1-2H3",3.896
hexadecane,"InChI=1/C7H8O/c1-6-2-4-7(8)5-3-6/h2-5,8H,1H3",4.247
hexadecane,"InChI=1/C5H10O/c1-2-3-4-5-6/h5H,2-4H2,1H3",2.912
hexadecane,"InChI=1/C5H10O2/c1-2-3-4-5(6)7/h2-4H2,1H3,(H,6,7)/f/h6H",3.37
hexadecane,"InChI=1/C7H14O2/c1-3-4-5-6-9-7(2)8/h3-6H2,1-2H3",3.857
hexadecane,"InChI=1/C6H6O/c7-6-4-2-1-3-5-6/h1-5,7H",3.771
hexadecane,"InChI=1/C3H6O/c1-2-3-4/h3H,2H2,1H3",1.9140000000000001
hexadecane,"InChI=1/C3H6O2/c1-2-3(4)5/h2H2,1H3,(H,4,5)/f/h4H",2.3720000000000003
hexadecane,"InChI=1/C3H6/c1-3-2/h3H,1H2,2H3",1.1639999999999997
hexadecane,"InChI=1/C5H10O2/c1-3-4-7-5(2)6/h3-4H2,1-2H3",2.859
hexadecane,"InChI=1/C3H4/c1-3-2/h1H,2H3",1.1150000000000002
hexadecane,"InChI=1/C8H10/c1-7-3-5-8(2)6-4-7/h3-6H,1-2H3",3.896
hexadecane,"InChI=1/C4H6/c1-3-4-2/h3-4H,1-2H2",1.556
hexadecane,"InChI=1/C4H10O/c1-4(2,3)5/h5H,1-3H3",2.208
hexadecane,InChI=1/C4H8O/c1-2-4-5-3-1/h1-4H2,2.4859999999999998
hexadecane,InChI=1/C5H10O/c1-2-4-6-5-3-1/h1-5H2,2.985
hexadecane,"InChI=1/C7H8/c1-7-5-3-2-4-6-7/h2-6H,1H3",3.4199999999999995
hexadecane,InChI=1/H2O/h1H2,0.802
heptane,"InChI=1/C4H10O/c1-2-3-4-5/h5H,2-4H2,1H3",2.81725
heptane,"InChI=1/C7H16O/c1-2-3-4-5-6-7-8/h8H,2-7H2,1H3",4.288801000000001
heptane,"InChI=1/C6H14O/c1-2-3-4-5-6-7/h7H,2-6H2,1H3",3.798284
heptane,"InChI=1/C5H12O/c1-2-3-4-5-6/h6H,2-5H2,1H3",3.307767
heptane,"InChI=1/C3H8O/c1-2-3-4/h4H,2-3H2,1H3",2.326733
heptane,"InChI=1/C4H8O/c1-3-4(2)5/h3H2,1-2H3",2.595372
heptane,"InChI=1/C7H14O/c1-3-4-5-6-7(2)8/h3-6H2,1-2H3",4.066923
heptane,"InChI=1/C6H12O/c1-3-4-5-6(2)7/h3-5H2,1-2H3",3.576406
heptane,"InChI=1/C8H16O/c1-3-4-5-6-7-8(2)9/h3-7H2,1-2H3",4.55744
heptane,"InChI=1/C5H10O/c1-3-4-5(2)6/h3-4H2,1-2H3",3.085889
heptane,"InChI=1/C6H12O/c1-5(7)6(2,3)4/h1-4H3",3.174812
heptane,InChI=1/C3H6O/c1-3(2)4/h1-2H3,2.104855
heptane,"InChI=1/C8H8O/c1-7(9)8-5-3-2-4-6-8/h2-6H,1H3",4.606751
heptane,"InChI=1/C7H8O/c1-8-7-5-3-2-4-6-7/h2-6H,1H3",3.8809039999999992
heptane,InChI=1/C14H10/c1-2-6-12-10-14-8-4-3-7-13(14)9-11(12)5-1/h1-10H,7.199651999999998
heptane,InChI=1/C7H6O/c8-6-7-4-2-1-3-5-7/h1-6H,4.140139
heptane,InChI=1/C6H6/c1-2-4-6-5-3-1/h1-6H,3.06268
heptane,"InChI=1/C4H8O2/c1-2-3-4(5)6/h2-3H2,1H3,(H,5,6)/f/h5H",3.072569
heptane,"InChI=1/C6H12O2/c1-3-4-5-8-6(2)7/h3-5H2,1-2H3",3.562954
heptane,"InChI=1/C2H6O/c1-2-3/h3H,2H2,1H3",1.8362159999999998
heptane,"InChI=1/C4H8O2/c1-3-6-4(2)5/h3H2,1-2H3",2.5819199999999998
heptane,"InChI=1/C6H12O2/c1-2-3-4-5-6(7)8/h2-5H2,1H3,(H,7,8)/f/h7H",4.053603
heptane,"InChI=1/C7H8O/c1-6-3-2-4-7(8)5-6/h2-5,8H,1H3",4.314207
heptane,"InChI=1/CH4O/c1-2/h2H,1H3",1.3456990000000002
heptane,InChI=1/C3H6O2/c1-3(4)5-2/h1-2H3,2.0914029999999997
heptane,"InChI=1/C7H14O2/c1-3-4-5-6-7(8)9-2/h3-6H2,1-2H3",4.053471
heptane,"InChI=1/C6H12O2/c1-3-4-5-6(7)8-2/h3-5H2,1-2H3",3.562954
heptane,"InChI=1/C4H8O2/c1-3-4(5)6-2/h3H2,1-2H3",2.5819199999999998
heptane,"InChI=1/C8H10/c1-7-4-3-5-8(2)6-7/h3-6H,1-2H3",3.995904
heptane,InChI=1/C10H8/c1-2-6-10-8-4-3-7-9(10)5-1/h1-8H,5.1311659999999994
heptane,"InChI=1/C7H16/c1-3-5-7-6-4-2/h3-7H2,1-2H3",3.4799810000000004
heptane,"InChI=1/C7H8O/c1-6-4-2-3-5-7(6)8/h2-5,8H,1H3",4.314207
heptane,"InChI=1/C8H10/c1-7-5-3-4-6-8(7)2/h3-6H,1-2H3",3.995904
heptane,"InChI=1/C7H8O/c1-6-2-4-7(8)5-3-6/h2-5,8H,1H3",4.314207
heptane,"InChI=1/C5H10O2/c1-2-3-4-5(6)7/h2-4H2,1H3,(H,6,7)/f/h6H",3.563086
heptane,"InChI=1/C7H14O2/c1-3-4-5-6-9-7(2)8/h3-6H2,1-2H3",4.053471
heptane,"InChI=1/C6H6O/c7-6-4-2-1-3-5-6/h1-5,7H",3.847595
heptane,"InChI=1/C3H6O2/c1-2-3(4)5/h2H2,1H3,(H,4,5)/f/h4H",2.5820520000000005
heptane,"InChI=1/C5H10O2/c1-3-4-7-5(2)6/h3-4H2,1-2H3",3.072437
heptane,"InChI=1/C8H10/c1-7-3-5-8(2)6-4-7/h3-6H,1-2H3",3.995904
heptane,"InChI=1/C7H8/c1-7-5-3-2-4-6-7/h2-6H,1H3",3.529292
dodecane,"InChI=1/C4H10O/c1-2-3-4-5/h5H,2-4H2,1H3",2.63632
dodecane,"InChI=1/C7H16O/c1-2-3-4-5-6-7-8/h8H,2-7H2,1H3",4.112362000000001
dodecane,"InChI=1/C6H14O/c1-2-3-4-5-6-7/h7H,2-6H2,1H3",3.6203480000000003
dodecane,"InChI=1/C5H12O/c1-2-3-4-5-6/h6H,2-5H2,1H3",3.128334
dodecane,"InChI=1/C3H8O/c1-2-3-4/h4H,2-3H2,1H3",2.144306
dodecane,"InChI=1/C8H8O/c1-7(9)8-5-3-2-4-6-8/h2-6H,1H3",4.528454
dodecane,"InChI=1/C2H6O/c1-2-3/h3H,2H2,1H3",1.6522919999999999
dodecane,"InChI=1/C12H26/c1-3-5-7-9-11-12-10-8-6-4-2/h3-12H2,1-2H3",5.734331999999999
diisopropylether,InChI=1/C4H8O2/c1-2-6-4-3-5-1/h1-4H2,3.2329269999999997
diisopropylether,"InChI=1/C4H8O/c1-3-4(2)5/h3H2,1-2H3",2.773826
diisopropylether,"InChI=1/C2H4O2/c1-2(3)4/h1H3,(H,3,4)/f/h3H",4.054564
diisopropylether,"InChI=1/C4H8O2/c1-2-3-4(5)6/h2-3H2,1H3,(H,5,6)/f/h5H",4.992684
diisopropylether,"InChI=1/C2H6O/c1-2-3/h3H,2H2,1H3",3.0212689999999998
diisopropylether,InChI=1/CH2O/c1-2/h1H2,1.31997
diisopropylether,"InChI=1/C6H12O2/c1-2-3-4-5-6(7)8/h2-5H2,1H3,(H,7,8)/f/h7H",5.930803999999999
diisopropylether,InChI=1/H2O2/c1-2/h1-2H,4.169699
diisopropylether,"InChI=1/C6H14O/c1-5(2)7-6(3)4/h5-6H,1-4H3",2.794526
diisopropylether,InChI=1/C10H8/c1-2-6-10-8-4-3-7-9(10)5-1/h1-8H,5.510774999999999
diisopropylether,"InChI=1/C8H18/c1-3-5-7-8-6-4-2/h3-8H2,1-2H3",3.749079
diisopropylether,"InChI=1/C5H10O2/c1-2-3-4-5(6)7/h2-4H2,1H3,(H,6,7)/f/h6H",5.4617439999999995
diisopropylether,"InChI=1/C6H6O/c7-6-4-2-1-3-5-6/h1-5,7H",5.313170999999999
diisopropylether,"InChI=1/C7H6O2/c8-5-6-1-3-7(9)4-2-6/h1-5,9H",6.683218
diisopropylether,"InChI=1/C3H6O2/c1-2-3(4)5/h2H2,1H3,(H,4,5)/f/h4H",4.523624
diisopropylether,"InChI=1/C7H8/c1-7-5-3-2-4-6-7/h2-6H,1H3",3.6956809999999995
diisopropylether,InChI=1/H2O/h1H2,2.298516
dichloroethane,"InChI=1/C4H10O/c1-2-3-4-5/h5H,2-4H2,1H3",3.5865460000000007
dichloroethane,"InChI=1/C7H16O/c1-2-3-4-5-6-7-8/h8H,2-7H2,1H3",4.987738000000001
dichloroethane,"InChI=1/C6H14O/c1-2-3-4-5-6-7/h7H,2-6H2,1H3",4.5206740000000005
dichloroethane,"InChI=1/C5H12O/c1-2-3-4-5-6/h6H,2-5H2,1H3",4.05361
dichloroethane,"InChI=1/C3H8O/c1-2-3-4/h4H,2-3H2,1H3",3.119482
dichloroethane,"InChI=1/C2H4O2/c1-2(3)4/h1H3,(H,3,4)/f/h3H",3.1568710000000006
dichloroethane,"InChI=1/C8H8O/c1-7(9)8-5-3-2-4-6-8/h2-6H,1H3",5.955177
dichloroethane,InChI=1/C7H6O/c8-6-7-4-2-1-3-5-7/h1-6H,5.548249
dichloroethane,"InChI=1/C4H8O2/c1-2-3-4(5)6/h2-3H2,1H3,(H,5,6)/f/h5H",4.090999
dichloroethane,"InChI=1/C6H12O2/c1-3-4-5-8-6(2)7/h3-5H2,1-2H3",4.2573870000000005
dichloroethane,"InChI=1/C2H6O/c1-2-3/h3H,2H2,1H3",2.6524180000000004
dichloroethane,"InChI=1/C4H8O2/c1-3-6-4(2)5/h3H2,1-2H3",3.3232589999999997
dichloroethane,"InChI=1/C6H12O2/c1-2-3-4-5-6(7)8/h2-5H2,1H3,(H,7,8)/f/h7H",5.025127
dichloroethane,"InChI=1/C7H8O/c1-6-3-2-4-7(8)5-6/h2-5,8H,1H3",5.624274
dichloroethane,"InChI=1/CH4O/c1-2/h2H,1H3",2.1853540000000002
dichloroethane,InChI=1/C3H6O2/c1-3(4)5-2/h1-2H3,2.856195
dichloroethane,"InChI=1/C7H14O2/c1-3-4-5-6-7(8)9-2/h3-6H2,1-2H3",4.724451000000001
dichloroethane,"InChI=1/C6H12O2/c1-3-4-5-6(7)8-2/h3-5H2,1-2H3",4.2573870000000005
dichloroethane,"InChI=1/C4H8O2/c1-3-4(5)6-2/h3H2,1-2H3",3.3232589999999997
dichloroethane,"InChI=1/C7H6O2/c8-5-6-2-1-3-7(9)4-6/h1-5,9H",7.16606
dichloroethane,"InChI=1/C7H8O/c1-6-4-2-3-5-7(6)8/h2-5,8H,1H3",5.624274
dichloroethane,"InChI=1/C7H8O/c1-6-2-4-7(8)5-3-6/h2-5,8H,1H3",5.624274
dichloroethane,"InChI=1/C5H10O2/c1-2-3-4-5(6)7/h2-4H2,1H3,(H,6,7)/f/h6H",4.558063000000001
dichloroethane,"InChI=1/C7H14O2/c1-3-4-5-6-9-7(2)8/h3-6H2,1-2H3",4.724451000000001
dichloroethane,"InChI=1/C6H6O/c7-6-4-2-1-3-5-6/h1-5,7H",5.217346
dichloroethane,"InChI=1/C7H6O2/c8-5-6-1-3-7(9)4-2-6/h1-5,9H",7.16606
dichloroethane,"InChI=1/C3H6O2/c1-2-3(4)5/h2H2,1H3,(H,4,5)/f/h4H",3.6239350000000004
dichloroethane,"InChI=1/C5H10O2/c1-3-4-7-5(2)6/h3-4H2,1-2H3",3.790323
decanol,"InChI=1/C10H22O/c1-2-3-4-5-6-7-8-9-10-11/h11H,2-10H2,1H3",6.886290000000001
decanol,"InChI=1/C3H8O2/c1-5-3-2-4/h4H,2-3H2,1H3",4.140349
decanol,"InChI=1/C7H8O/c1-6-3-2-4-7(8)5-6/h2-5,8H,1H3",5.713163
decanol,"InChI=1/C7H8O/c1-6-4-2-3-5-7(6)8/h2-5,8H,1H3",5.713163
decanol,"InChI=1/C7H8O/c1-6-2-4-7(8)5-3-6/h2-5,8H,1H3",5.713163
decanol,"InChI=1/C6H6O/c7-6-4-2-1-3-5-6/h1-5,7H",5.273802999999999
decane,InChI=1/C4H8O2/c1-2-6-4-3-5-1/h1-4H2,2.9312259999999997
decane,"InChI=1/C4H10O/c1-2-3-4-5/h5H,2-4H2,1H3",2.717865
decane,"InChI=1/C7H16O/c1-2-3-4-5-6-7-8/h8H,2-7H2,1H3",4.198398000000001
decane,"InChI=1/C6H14O/c1-2-3-4-5-6-7/h7H,2-6H2,1H3",3.7048870000000003
decane,"InChI=1/C5H12O/c1-2-3-4-5-6/h6H,2-5H2,1H3",3.2113760000000005
decane,"InChI=1/C3H8O/c1-2-3-4/h4H,2-3H2,1H3",2.224354
decane,"InChI=1/C4H8O/c1-3-4(2)5/h3H2,1-2H3",2.494113
decane,"InChI=1/C7H14O/c1-3-4-5-6-7(2)8/h3-6H2,1-2H3",3.9746460000000003
decane,"InChI=1/C6H12O/c1-3-4-5-6(2)7/h3-5H2,1-2H3",3.481135
decane,"InChI=1/C5H10O/c1-3-4-5(2)6/h3-4H2,1-2H3",2.987624
decane,"InChI=1/C6H12O/c1-5(7)6(2,3)4/h1-4H3",3.07667
decane,InChI=1/C3H6O/c1-3(2)4/h1-2H3,2.0006019999999998
decane,InChI=1/C6H6/c1-2-4-6-5-3-1/h1-6H,2.9738079999999996
decane,"InChI=1/C6H12O2/c1-3-4-5-8-6(2)7/h3-5H2,1-2H3",3.4656219999999998
decane,"InChI=1/C2H6O/c1-2-3/h3H,2H2,1H3",1.730843
decane,"InChI=1/C4H8O2/c1-3-6-4(2)5/h3H2,1-2H3",2.4785999999999997
decane,"InChI=1/C8H10/c1-2-8-6-4-3-5-7-8/h3-7H,2H2,1H3",3.9369389999999997
decane,"InChI=1/CH4O/c1-2/h2H,1H3",1.237332
decane,InChI=1/C3H6O2/c1-3(4)5-2/h1-2H3,1.9850889999999999
decane,"InChI=1/C7H14O2/c1-3-4-5-6-7(8)9-2/h3-6H2,1-2H3",3.959133
decane,"InChI=1/C6H12O2/c1-3-4-5-6(7)8-2/h3-5H2,1-2H3",3.4656219999999998
decane,"InChI=1/C4H8O2/c1-3-4(5)6-2/h3H2,1-2H3",2.4785999999999997
decane,"InChI=1/C10H22/c1-3-5-7-9-10-8-6-4-2/h3-10H2,1-2H3",4.8618760000000005
decane,"InChI=1/C8H18/c1-3-5-7-8-6-4-2/h3-8H2,1-2H3",3.8748540000000005
decane,"InChI=1/C7H8O/c1-6-2-4-7(8)5-3-6/h2-5,8H,1H3",4.236592
decane,"InChI=1/C7H14O2/c1-3-4-5-6-9-7(2)8/h3-6H2,1-2H3",3.959133
decane,"InChI=1/C6H6O/c7-6-4-2-1-3-5-6/h1-5,7H",3.766972
decane,"InChI=1/C5H10O2/c1-3-4-7-5(2)6/h3-4H2,1-2H3",2.972111
decane,"InChI=1/C7H8/c1-7-5-3-2-4-6-7/h2-6H,1H3",3.4434279999999995
cyclohexane,InChI=1/C4H8O2/c1-2-6-4-3-5-1/h1-4H2,3.015637999999999
cyclohexane,"InChI=1/C4H10O/c1-2-3-4-5/h5H,2-4H2,1H3",2.79451
cyclohexane,"InChI=1/C7H16O/c1-2-3-4-5-6-7-8/h8H,2-7H2,1H3",4.310971000000001
cyclohexane,"InChI=1/C6H14O/c1-2-3-4-5-6-7/h7H,2-6H2,1H3",3.805484
cyclohexane,"InChI=1/C5H12O/c1-2-3-4-5-6/h6H,2-5H2,1H3",3.299997
cyclohexane,"InChI=1/C3H8O/c1-2-3-4/h4H,2-3H2,1H3",2.289023
cyclohexane,"InChI=1/C4H8O/c1-3-4(2)5/h3H2,1-2H3",2.56438
cyclohexane,"InChI=1/C7H14O/c1-3-4-5-6-7(2)8/h3-6H2,1-2H3",4.0808409999999995
cyclohexane,"InChI=1/C6H12O/c1-3-4-5-6(2)7/h3-5H2,1-2H3",3.575354
cyclohexane,"InChI=1/C5H10O/c1-3-4-5(2)6/h3-4H2,1-2H3",3.069867
cyclohexane,"InChI=1/C6H12O/c1-5(7)6(2,3)4/h1-4H3",3.1603079999999997
cyclohexane,"InChI=1/C5H10O/c1-3-5(6)4-2/h3-4H2,1-2H3",3.069867
cyclohexane,"InChI=1/C2H4O2/c1-2(3)4/h1H3,(H,3,4)/f/h3H",2.043629
cyclohexane,InChI=1/C3H6O/c1-3(2)4/h1-2H3,2.058893
cyclohexane,"InChI=1/C8H8O/c1-7(9)8-5-3-2-4-6-8/h2-6H,1H3",4.672676999999999
cyclohexane,"InChI=1/C7H8O/c1-8-7-5-3-2-4-6-7/h2-6H,1H3",3.917559999999999
cyclohexane,InChI=1/C7H6O/c8-6-7-4-2-1-3-5-7/h1-6H,4.191368999999999
cyclohexane,InChI=1/C6H6/c1-2-4-6-5-3-1/h1-6H,3.073111999999999
cyclohexane,"InChI=1/C6H12O2/c1-3-4-5-8-6(2)7/h3-5H2,1-2H3",3.5558539999999996
cyclohexane,InChI=1/C6H12/c1-2-4-6-5-3-1/h1-6H2,3.300332
cyclohexane,"InChI=1/C4H10O/c1-3-5-4-2/h3-4H2,1-2H3",2.3147499999999996
cyclohexane,"InChI=1/C2H6O/c1-2-3/h3H,2H2,1H3",1.7835359999999998
cyclohexane,"InChI=1/C4H8O2/c1-3-6-4(2)5/h3H2,1-2H3",2.5448799999999996
cyclohexane,"InChI=1/C8H10O/c1-2-9-8-6-4-3-5-7-8/h3-7H,2H2,1H3",4.4230469999999995
cyclohexane,"InChI=1/C8H10/c1-2-8-6-4-3-5-7-8/h3-7H,2H2,1H3",4.059906999999999
cyclohexane,"InChI=1/C3H8O/c1-3(2)4/h3-4H,1-2H3",2.059709
cyclohexane,"InChI=1/C7H8O/c1-6-3-2-4-7(8)5-6/h2-5,8H,1H3",4.3731409999999995
cyclohexane,"InChI=1/CH4O/c1-2/h2H,1H3",1.278049
cyclohexane,InChI=1/C3H6O2/c1-3(4)5-2/h1-2H3,2.0393929999999996
cyclohexane,"InChI=1/C8H8O2/c1-10-8(9)7-5-3-2-4-6-7/h2-6H,1H3",4.6531769999999995
cyclohexane,"InChI=1/C7H14O2/c1-3-4-5-6-7(8)9-2/h3-6H2,1-2H3",4.061341
cyclohexane,"InChI=1/C6H12O2/c1-3-4-5-6(7)8-2/h3-5H2,1-2H3",3.5558539999999996
cyclohexane,"InChI=1/C4H8O2/c1-3-4(5)6-2/h3H2,1-2H3",2.5448799999999996
cyclohexane,"InChI=1/C7H6O2/c8-5-6-2-1-3-7(9)4-6/h1-5,9H",5.010089999999999
cyclohexane,"InChI=1/C8H10/c1-7-4-3-5-8(2)6-7/h3-6H,1-2H3",4.035728
cyclohexane,InChI=1/C10H8/c1-2-6-10-8-4-3-7-9(10)5-1/h1-8H,5.232969999999998
cyclohexane,"InChI=1/C4H10/c1-3-4-2/h3-4H2,1-2H3",1.9516099999999998
cyclohexane,"InChI=1/C8H18/c1-3-5-7-8-6-4-2/h3-8H2,1-2H3",3.973558
cyclohexane,"InChI=1/C5H12/c1-3-5-4-2/h3-5H2,1-2H3",2.4570969999999996
cyclohexane,"InChI=1/C3H8/c1-3-2/h3H2,1-2H3",1.4461229999999998
cyclohexane,"InChI=1/C7H8O/c1-6-4-2-3-5-7(6)8/h2-5,8H,1H3",4.3731409999999995
cyclohexane,"InChI=1/C8H10/c1-7-5-3-4-6-8(7)2/h3-6H,1-2H3",4.035728
cyclohexane,"InChI=1/C7H8O/c1-6-2-4-7(8)5-3-6/h2-5,8H,1H3",4.3731409999999995
cyclohexane,"InChI=1/C7H14O2/c1-3-4-5-6-9-7(2)8/h3-6H2,1-2H3",4.061341
cyclohexane,"InChI=1/C6H6O/c7-6-4-2-1-3-5-6/h1-5,7H",3.8918329999999997
cyclohexane,"InChI=1/C7H6O2/c8-5-6-1-3-7(9)4-2-6/h1-5,9H",5.010089999999999
cyclohexane,"InChI=1/C3H6O2/c1-2-3(4)5/h2H2,1H3,(H,4,5)/f/h4H",2.549116
cyclohexane,"InChI=1/C5H10O2/c1-3-4-7-5(2)6/h3-4H2,1-2H3",3.0503669999999996
cyclohexane,"InChI=1/C4H10O/c1-4(2,3)5/h5H,1-3H3",2.379464
cyclohexane,InChI=1/C5H10O/c1-2-4-6-5-3-1/h1-5H2,3.1579849999999996
cyclohexane,"InChI=1/C7H8/c1-7-5-3-2-4-6-7/h2-6H,1H3",3.554419999999999
cyclohexane,InChI=1/H2O/h1H2,0.9414359999999999
chloroform,"InChI=1/C2H6O2/c3-1-2-4/h3-4H,1-2H2",3.872704
chloroform,InChI=1/C4H8O2/c1-2-6-4-3-5-1/h1-4H2,4.284588
chloroform,"InChI=1/C4H10O/c1-2-3-4-5/h5H,2-4H2,1H3",3.8050790000000005
chloroform,"InChI=1/C7H16O/c1-2-3-4-5-6-7-8/h8H,2-7H2,1H3",5.273636000000001
chloroform,"InChI=1/C6H14O/c1-2-3-4-5-6-7/h7H,2-6H2,1H3",4.784117
chloroform,"InChI=1/C5H12O/c1-2-3-4-5-6/h6H,2-5H2,1H3",4.294598
chloroform,"InChI=1/C3H8O/c1-2-3-4/h4H,2-3H2,1H3",3.31556
chloroform,"InChI=1/C4H8O/c1-3-4(2)5/h3H2,1-2H3",3.732043000000001
chloroform,"InChI=1/C2H4O/c1-2-3/h2H,1H3",2.8159520000000002
chloroform,"InChI=1/C2H4O2/c1-2(3)4/h1H3,(H,3,4)/f/h3H",3.2815710000000005
chloroform,InChI=1/C3H6O/c1-3(2)4/h1-2H3,3.2425240000000004
chloroform,"InChI=1/C8H8O/c1-7(9)8-5-3-2-4-6-8/h2-6H,1H3",6.069748
chloroform,"InChI=1/C3H6O/c1-2-3-4/h2,4H,1,3H2",3.2167779999999997
chloroform,"InChI=1/C7H8O/c1-8-7-5-3-2-4-6-7/h2-6H,1H3",4.871817999999999
chloroform,InChI=1/C7H6O/c8-6-7-4-2-1-3-5-7/h1-6H,5.643176
chloroform,InChI=1/C6H6/c1-2-4-6-5-3-1/h1-6H,3.5789859999999996
chloroform,"InChI=1/C4H8O2/c1-2-3-4(5)6/h2-3H2,1H3,(H,5,6)/f/h5H",4.260609
chloroform,"InChI=1/C6H12O2/c1-3-4-5-8-6(2)7/h3-5H2,1-2H3",4.697166
chloroform,InChI=1/C6H12/c1-2-4-6-5-3-1/h1-6H2,3.5311060000000003
chloroform,"InChI=1/C4H10O/c1-3-5-4-2/h3-4H2,1-2H3",3.023632
chloroform,"InChI=1/C2H6O/c1-2-3/h3H,2H2,1H3",2.8260410000000005
chloroform,"InChI=1/C4H8O2/c1-3-6-4(2)5/h3H2,1-2H3",3.718128
chloroform,"InChI=1/C8H10O/c1-2-9-8-6-4-3-5-7-8/h3-7H,2H2,1H3",5.361337
chloroform,"InChI=1/C8H10/c1-2-8-6-4-3-5-7-8/h3-7H,2H2,1H3",4.495077
chloroform,InChI=1/CH2O/c1-2/h1H2,2.211691
chloroform,"InChI=1/C6H12O2/c1-2-3-4-5-6(7)8/h2-5H2,1H3,(H,7,8)/f/h7H",5.239647000000001
chloroform,InChI=1/H2O2/c1-2/h1-2H,3.4947100000000004
chloroform,"InChI=1/C3H8O/c1-3(2)4/h3-4H,1-2H3",3.076493
chloroform,"InChI=1/C6H14O/c1-5(2)7-6(3)4/h5-6H,1-4H3",3.5245359999999994
chloroform,"InChI=1/C7H8O/c1-6-3-2-4-7(8)5-6/h2-5,8H,1H3",5.590318
chloroform,"InChI=1/CH4O/c1-2/h2H,1H3",2.336522000000001
chloroform,InChI=1/C3H6O2/c1-3(4)5-2/h1-2H3,3.228609
chloroform,"InChI=1/C8H8O2/c1-10-8(9)7-5-3-2-4-6-7/h2-6H,1H3",6.055833
chloroform,"InChI=1/C7H14O2/c1-3-4-5-6-7(8)9-2/h3-6H2,1-2H3",5.186685000000001
chloroform,"InChI=1/C6H12O2/c1-3-4-5-6(7)8-2/h3-5H2,1-2H3",4.697166
chloroform,"InChI=1/C4H8O2/c1-3-4(5)6-2/h3H2,1-2H3",3.718128
chloroform,"InChI=1/C8H10/c1-7-4-3-5-8(2)6-7/h3-6H,1-2H3",4.43213
chloroform,InChI=1/C10H8/c1-2-6-10-8-4-3-7-9(10)5-1/h1-8H,5.837783999999999
chloroform,"InChI=1/C8H18/c1-3-5-7-8-6-4-2/h3-8H2,1-2H3",4.115448000000001
chloroform,"InChI=1/C7H8O/c1-6-4-2-3-5-7(6)8/h2-5,8H,1H3",5.590318
chloroform,"InChI=1/C8H10/c1-7-5-3-4-6-8(7)2/h3-6H,1-2H3",4.43213
chloroform,"InChI=1/C7H8O/c1-6-2-4-7(8)5-3-6/h2-5,8H,1H3",5.590318
chloroform,"InChI=1/C5H10O2/c1-2-3-4-5(6)7/h2-4H2,1H3,(H,6,7)/f/h6H",4.750127999999999
chloroform,"InChI=1/C7H14O2/c1-3-4-5-6-9-7(2)8/h3-6H2,1-2H3",5.186685000000001
chloroform,"InChI=1/C6H6O/c7-6-4-2-1-3-5-6/h1-5,7H",5.163746
chloroform,"InChI=1/C7H6O2/c8-5-6-1-3-7(9)4-2-6/h1-5,9H",7.227936
chloroform,"InChI=1/C3H6O2/c1-2-3(4)5/h2H2,1H3,(H,4,5)/f/h4H",3.7710900000000005
chloroform,"InChI=1/C5H10O2/c1-3-4-7-5(2)6/h3-4H2,1-2H3",4.207647000000001
chloroform,"InChI=1/C4H10O/c1-4(2,3)5/h5H,1-3H3",3.3840480000000004
chloroform,InChI=1/C5H10O/c1-2-4-6-5-3-1/h1-5H2,3.9078470000000003
chloroform,"InChI=1/C7H8/c1-7-5-3-2-4-6-7/h2-6H,1H3",4.005558
chloroform,InChI=1/H2O/h1H2,2.0443510000000003
chlorobenzene,InChI=1/C4H8O2/c1-2-6-4-3-5-1/h1-4H2,3.675487999999999
chlorobenzene,"InChI=1/C4H10O/c1-2-3-4-5/h5H,2-4H2,1H3",3.356773
chlorobenzene,"InChI=1/C7H16O/c1-2-3-4-5-6-7-8/h8H,2-7H2,1H3",4.915150000000001
chlorobenzene,"InChI=1/C6H14O/c1-2-3-4-5-6-7/h7H,2-6H2,1H3",4.395691
chlorobenzene,"InChI=1/C5H12O/c1-2-3-4-5-6/h6H,2-5H2,1H3",3.876232
chlorobenzene,"InChI=1/C3H8O/c1-2-3-4/h4H,2-3H2,1H3",2.8373139999999997
chlorobenzene,"InChI=1/C4H8O/c1-3-4(2)5/h3H2,1-2H3",3.192987
chlorobenzene,"InChI=1/C7H14O/c1-3-4-5-6-7(2)8/h3-6H2,1-2H3",4.751364
chlorobenzene,"InChI=1/C6H12O/c1-3-4-5-6(2)7/h3-5H2,1-2H3",4.231905
chlorobenzene,"InChI=1/C5H10O/c1-3-4-5(2)6/h3-4H2,1-2H3",3.712446
chlorobenzene,"InChI=1/C6H12O/c1-5(7)6(2,3)4/h1-4H3",3.71556
chlorobenzene,InChI=1/C3H6O/c1-3(2)4/h1-2H3,2.6735279999999997
chlorobenzene,"InChI=1/C6H12O2/c1-3-4-5-8-6(2)7/h3-5H2,1-2H3",4.205261999999999
chlorobenzene,"InChI=1/C2H6O/c1-2-3/h3H,2H2,1H3",2.3178549999999998
chlorobenzene,"InChI=1/C4H8O2/c1-3-6-4(2)5/h3H2,1-2H3",3.1663439999999996
chlorobenzene,"InChI=1/CH4O/c1-2/h2H,1H3",1.798396
chlorobenzene,InChI=1/C3H6O2/c1-3(4)5-2/h1-2H3,2.6468849999999997
chlorobenzene,"InChI=1/C6H12O2/c1-3-4-5-6(7)8-2/h3-5H2,1-2H3",4.205261999999999
chlorobenzene,"InChI=1/C4H8O2/c1-3-4(5)6-2/h3H2,1-2H3",3.1663439999999996
chlorobenzene,"InChI=1/C8H18/c1-3-5-7-8-6-4-2/h3-8H2,1-2H3",4.111636
chlorobenzene,"InChI=1/C7H8O/c1-6-4-2-3-5-7(6)8/h2-5,8H,1H3",5.205092
chlorobenzene,"InChI=1/C7H8O/c1-6-2-4-7(8)5-3-6/h2-5,8H,1H3",5.205092
chlorobenzene,"InChI=1/C7H14O2/c1-3-4-5-6-9-7(2)8/h3-6H2,1-2H3",4.724721
chlorobenzene,"InChI=1/C6H6O/c7-6-4-2-1-3-5-6/h1-5,7H",4.744096
chlorobenzene,"InChI=1/C3H6O2/c1-2-3(4)5/h2H2,1H3,(H,4,5)/f/h4H",3.290352
chlorobenzene,"InChI=1/C5H10O2/c1-3-4-7-5(2)6/h3-4H2,1-2H3",3.685803
chlorobenzene,"InChI=1/C7H8/c1-7-5-3-2-4-6-7/h2-6H,1H3",3.940581999999999
carbontet,InChI=1/C4H8O2/c1-2-6-4-3-5-1/h1-4H2,3.4757539999999993
carbontet,"InChI=1/C4H10O/c1-2-3-4-5/h5H,2-4H2,1H3",3.169565
carbontet,"InChI=1/C4H8/c1-3-4-2/h3H,1,4H2,2H3",2.0493799999999998
carbontet,"InChI=1/C7H16O/c1-2-3-4-5-6-7-8/h8H,2-7H2,1H3",4.736924000000001
carbontet,"InChI=1/C6H14O/c1-2-3-4-5-6-7/h7H,2-6H2,1H3",4.214471
carbontet,"InChI=1/C5H12O/c1-2-3-4-5-6/h6H,2-5H2,1H3",3.692018
carbontet,"InChI=1/C3H8O/c1-2-3-4/h4H,2-3H2,1H3",2.647112
carbontet,"InChI=1/C4H8O/c1-3-4(2)5/h3H2,1-2H3",3.005173
carbontet,"InChI=1/C7H14O/c1-3-4-5-6-7(2)8/h3-6H2,1-2H3",4.572532000000001
carbontet,"InChI=1/C6H12O/c1-3-4-5-6(2)7/h3-5H2,1-2H3",4.050079
carbontet,"InChI=1/C4H8/c1-4(2)3/h1H2,2-3H3",2.0118349999999996
carbontet,"InChI=1/C5H10O/c1-3-4-5(2)6/h3-4H2,1-2H3",3.527626
carbontet,"InChI=1/C2H4O2/c1-2(3)4/h1H3,(H,3,4)/f/h3H",2.4306550000000002
carbontet,InChI=1/C3H6O/c1-3(2)4/h1-2H3,2.48272
carbontet,"InChI=1/C8H8O/c1-7(9)8-5-3-2-4-6-8/h2-6H,1H3",5.262063999999999
carbontet,"InChI=1/C7H8O/c1-8-7-5-3-2-4-6-7/h2-6H,1H3",4.373705999999999
carbontet,InChI=1/C7H6O/c8-6-7-4-2-1-3-5-7/h1-6H,4.777156
carbontet,InChI=1/C6H6/c1-2-4-6-5-3-1/h1-6H,3.4310199999999993
carbontet,"InChI=1/C4H8O2/c1-2-3-4(5)6/h2-3H2,1H3,(H,5,6)/f/h5H",3.475561
carbontet,"InChI=1/C6H12O2/c1-3-4-5-8-6(2)7/h3-5H2,1-2H3",4.030265999999999
carbontet,InChI=1/C5H8O/c6-5-3-1-2-4-5/h1-4H2,3.9063339999999998
carbontet,"InChI=1/C5H10/c1-3-5-4-2/h3,5H,4H2,1-2H3/b5-3+",2.6459149999999996
carbontet,"InChI=1/C2H6O/c1-2-3/h3H,2H2,1H3",2.124659
carbontet,"InChI=1/C4H8O2/c1-3-6-4(2)5/h3H2,1-2H3",2.9853599999999996
carbontet,"InChI=1/C8H10/c1-2-8-6-4-3-5-7-8/h3-7H,2H2,1H3",4.438381
carbontet,"InChI=1/C6H12O2/c1-2-3-4-5-6(7)8/h2-5H2,1H3,(H,7,8)/f/h7H",4.520467
carbontet,InChI=1/H2O2/c1-2/h1-2H,2.067828
carbontet,"InChI=1/C3H8O/c1-3(2)4/h3-4H,1-2H3",2.3950009999999997
carbontet,"InChI=1/CH4O/c1-2/h2H,1H3",1.6022060000000002
carbontet,InChI=1/C3H6O2/c1-3(4)5-2/h1-2H3,2.4629069999999995
carbontet,"InChI=1/C8H8O2/c1-10-8(9)7-5-3-2-4-6-7/h2-6H,1H3",5.2422509999999996
carbontet,"InChI=1/C7H14O2/c1-3-4-5-6-7(8)9-2/h3-6H2,1-2H3",4.552719
carbontet,"InChI=1/C6H12O2/c1-3-4-5-6(7)8-2/h3-5H2,1-2H3",4.030265999999999
carbontet,"InChI=1/C4H8O2/c1-3-4(5)6-2/h3H2,1-2H3",2.9853599999999996
carbontet,"InChI=1/C8H10/c1-7-4-3-5-8(2)6-7/h3-6H,1-2H3",4.400835999999999
carbontet,InChI=1/C10H8/c1-2-6-10-8-4-3-7-9(10)5-1/h1-8H,5.708393999999999
carbontet,"InChI=1/C8H18/c1-3-5-7-8-6-4-2/h3-8H2,1-2H3",4.271302
carbontet,"InChI=1/C7H8O/c1-6-4-2-3-5-7(6)8/h2-5,8H,1H3",4.866458
carbontet,"InChI=1/C8H10/c1-7-5-3-4-6-8(7)2/h3-6H,1-2H3",4.400835999999999
carbontet,"InChI=1/C7H8O/c1-6-2-4-7(8)5-3-6/h2-5,8H,1H3",4.866458
carbontet,"InChI=1/C7H14O2/c1-3-4-5-6-9-7(2)8/h3-6H2,1-2H3",4.552719
carbontet,"InChI=1/C6H6O/c7-6-4-2-1-3-5-6/h1-5,7H",4.38155
carbontet,"InChI=1/C7H6O2/c8-5-6-1-3-7(9)4-2-6/h1-5,9H",5.727685999999999
carbontet,"InChI=1/C3H6O2/c1-2-3(4)5/h2H2,1H3,(H,4,5)/f/h4H",2.9531080000000003
carbontet,"InChI=1/C5H10O2/c1-3-4-7-5(2)6/h3-4H2,1-2H3",3.5078129999999996
carbontet,"InChI=1/C4H10O/c1-4(2,3)5/h5H,1-3H3",2.708224
carbontet,"InChI=1/C7H8/c1-7-5-3-2-4-6-7/h2-6H,1H3",3.915927999999999
carbontet,InChI=1/H2O/h1H2,1.269107
carbondisulfide,InChI=1/C4H8O2/c1-2-6-4-3-5-1/h1-4H2,3.371239
carbondisulfide,"InChI=1/C4H8O/c1-3-4(2)5/h3H2,1-2H3",2.8441810000000007
carbondisulfide,"InChI=1/C2H4O2/c1-2(3)4/h1H3,(H,3,4)/f/h3H",2.284434
carbondisulfide,InChI=1/C3H6O/c1-3(2)4/h1-2H3,2.3112490000000006
carbondisulfide,"InChI=1/C2H6O/c1-2-3/h3H,2H2,1H3",2.0101950000000004
carbondisulfide,"InChI=1/C4H8O2/c1-3-6-4(2)5/h3H2,1-2H3",2.7806870000000004
carbondisulfide,InChI=1/H2O2/c1-2/h1-2H,1.988355
carbondisulfide,InChI=1/C3H6O2/c1-3(4)5-2/h1-2H3,2.247755
carbondisulfide,"InChI=1/C8H18/c1-3-5-7-8-6-4-2/h3-8H2,1-2H3",4.163763000000001
carbondisulfide,"InChI=1/C6H6O/c7-6-4-2-1-3-5-6/h1-5,7H",4.541913
carbondisulfide,"InChI=1/C5H10O2/c1-3-4-7-5(2)6/h3-4H2,1-2H3",3.3136190000000005
carbondisulfide,"InChI=1/C7H8/c1-7-5-3-2-4-6-7/h2-6H,1H3",4.0308209999999995
tetrahydrofuran,InChI=1/C4H8O2/c1-2-6-4-3-5-1/h1-4H2,3.6988529999999997
tetrahydrofuran,"InChI=1/C4H8O/c1-3-4(2)5/h3H2,1-2H3",3.2240580000000003
tetrahydrofuran,"InChI=1/C2H6O/c1-2-3/h3H,2H2,1H3",3.4111029999999998
tetrahydrofuran,"InChI=1/C8H18/c1-3-5-7-8-6-4-2/h3-8H2,1-2H3",4.040425
tetrahydrofuran,InChI=1/C4H8O/c1-2-4-5-3-1/h1-4H2,3.1211609999999994
tetrahydrofuran,"InChI=1/C7H8/c1-7-5-3-2-4-6-7/h2-6H,1H3",4.011512999999999
benzene,InChI=1/H2O2/c1-2/h1-2H,2.738999
benzene,"InChI=1/C4H8O2/c1-3-4(5)6-2/h3H2,1-2H3",3.149761
benzene,"InChI=1/C5H10O2/c1-2-3-4-5(6)7/h2-4H2,1H3,(H,6,7)/f/h6H",4.371294000000001
benzene,"InChI=1/C7H14O2/c1-3-4-5-6-9-7(2)8/h3-6H2,1-2H3",4.676701
benzene,"InChI=1/C6H6O/c7-6-4-2-1-3-5-6/h1-5,7H",4.847531000000001
benzene,"InChI=1/C7H6O2/c8-5-6-1-3-7(9)4-2-6/h1-5,9H",6.497813000000001
benzene,"InChI=1/C3H6O2/c1-2-3(4)5/h2H2,1H3,(H,4,5)/f/h4H",3.3533340000000003
benzene,"InChI=1/C5H10O2/c1-3-4-7-5(2)6/h3-4H2,1-2H3",3.658741
benzene,"InChI=1/C4H10O/c1-4(2,3)5/h5H,1-3H3",2.9238980000000003
benzene,"InChI=1/C7H8/c1-7-5-3-2-4-6-7/h2-6H,1H3",3.993724999999999
benzene,InChI=1/H2O/h1H2,1.603013
isooctane,InChI=1/C4H8O2/c1-2-6-4-3-5-1/h1-4H2,2.9739679999999997
isooctane,"InChI=1/C4H10O/c1-2-3-4-5/h5H,2-4H2,1H3",2.77162
isooctane,"InChI=1/C4H8/c1-3-4-2/h3H,1,4H2,2H3",1.8506879999999999
isooctane,"InChI=1/C6H14O/c1-2-3-4-5-6-7/h7H,2-6H2,1H3",3.741676
isooctane,"InChI=1/C5H12O/c1-2-3-4-5-6/h6H,2-5H2,1H3",3.256648
isooctane,"InChI=1/C5H10/c1-3-5-4-2/h3H,1,4-5H2,2H3",2.335716
isooctane,"InChI=1/C3H8O/c1-2-3-4/h4H,2-3H2,1H3",2.2865919999999997
isooctane,"InChI=1/C4H8O/c1-3-4(2)5/h3H2,1-2H3",2.554404
isooctane,"InChI=1/C6H12O/c1-3-4-5-6(2)7/h3-5H2,1-2H3",3.52446
isooctane,"InChI=1/C5H10O/c1-3-4-5(2)6/h3-4H2,1-2H3",3.039432
isooctane,InChI=1/C3H6O/c1-3(2)4/h1-2H3,2.069376
isooctane,InChI=1/C6H6/c1-2-4-6-5-3-1/h1-6H,2.976504
isooctane,"InChI=1/C4H8O/c1-2-3-4-5/h4H,2-3H2,1H3",2.578712
isooctane,"InChI=1/C2H6O/c1-2-3/h3H,2H2,1H3",1.8015639999999997
isooctane,"InChI=1/C8H8O2/c1-10-8(9)7-5-3-2-4-6-7/h2-6H,1H3",4.485971999999999
isooctane,"InChI=1/C8H10/c1-7-4-3-5-8(2)6-7/h3-6H,1-2H3",3.897944
isooctane,"InChI=1/C6H14/c1-3-5-6-4-2/h3-6H2,1-2H3",2.955736
isooctane,"InChI=1/C8H18/c1-3-5-7-8-6-4-2/h3-8H2,1-2H3",3.9257920000000004
isooctane,"InChI=1/C5H12/c1-3-5-4-2/h3-5H2,1-2H3",2.470708
isooctane,"InChI=1/C7H8O/c1-6-4-2-3-5-7(6)8/h2-5,8H,1H3",4.198855999999999
isooctane,"InChI=1/C7H8O/c1-6-2-4-7(8)5-3-6/h2-5,8H,1H3",4.198855999999999
isooctane,"InChI=1/C5H10O/c1-2-3-4-5-6/h5H,2-4H2,1H3",3.0637399999999997
isooctane,"InChI=1/C6H6O/c7-6-4-2-1-3-5-6/h1-5,7H",3.738136
isooctane,"InChI=1/C3H6/c1-3-2/h3H,1H2,2H3",1.3656599999999997
isooctane,"InChI=1/C7H8/c1-7-5-3-2-4-6-7/h2-6H,1H3",3.437223999999999
diethylether,"InChI=1/C2H6O2/c3-1-2-4/h3-4H,1-2H2",4.564983999999999
diethylether,InChI=1/C4H8O2/c1-2-6-4-3-5-1/h1-4H2,3.4717659999999992
diethylether,"InChI=1/C4H10O/c1-2-3-4-5/h5H,2-4H2,1H3",4.15288
diethylether,"InChI=1/C7H16O/c1-2-3-4-5-6-7-8/h8H,2-7H2,1H3",5.609461000000001
diethylether,"InChI=1/C6H14O/c1-2-3-4-5-6-7/h7H,2-6H2,1H3",5.123934
diethylether,"InChI=1/C8H18O/c1-2-3-4-5-6-7-8-9/h9H,2-8H2,1H3",6.094988000000001
diethylether,"InChI=1/C5H12O/c1-2-3-4-5-6/h6H,2-5H2,1H3",4.638407
diethylether,"InChI=1/C3H8O/c1-2-3-4/h4H,2-3H2,1H3",3.6673530000000003
diethylether,"InChI=1/C4H8O/c1-3-4(2)5/h3H2,1-2H3",3.023762
diethylether,"InChI=1/C3H8O2/c1-5-3-2-4/h4H,2-3H2,1H3",4.156149999999999
diethylether,"InChI=1/C2H4O/c1-2-3/h2H,1H3",2.096463
diethylether,"InChI=1/C2H4O2/c1-2(3)4/h1H3,(H,3,4)/f/h3H",4.21552
diethylether,"InChI=1/C8H8O/c1-7(9)8-5-3-2-4-6-8/h2-6H,1H3",5.2283610000000005
diethylether,"InChI=1/C3H6O/c1-2-3-4/h2,4H,1,3H2",3.550173
diethylether,"InChI=1/C7H8O/c1-8-7-5-3-2-4-6-7/h2-6H,1H3",4.311578999999999
diethylether,InChI=1/C7H6O/c8-6-7-4-2-1-3-5-7/h1-6H,4.786588999999999
diethylether,InChI=1/C6H6/c1-2-4-6-5-3-1/h1-6H,3.3810099999999994
diethylether,"InChI=1/C4H8O2/c1-2-3-4(5)6/h2-3H2,1H3,(H,5,6)/f/h5H",5.186573999999999
diethylether,"InChI=1/C5H10O/c6-5-3-1-2-4-5/h5-6H,1-4H2",4.782005
diethylether,"InChI=1/C4H10O/c1-3-5-4-2/h3-4H2,1-2H3",2.5925069999999995
diethylether,"InChI=1/C2H6O/c1-2-3/h3H,2H2,1H3",3.181826
diethylether,"InChI=1/C8H10/c1-2-8-6-4-3-5-7-8/h3-7H,2H2,1H3",4.3083089999999995
diethylether,"InChI=1/C6H12O2/c1-2-3-4-5-6(7)8/h2-5H2,1H3,(H,7,8)/f/h7H",6.157628
diethylether,InChI=1/H2O2/c1-2/h1-2H,4.259942000000001
diethylether,"InChI=1/C3H8O/c1-3(2)4/h3-4H,1-2H3",3.420489
diethylether,"InChI=1/C7H8O/c1-6-3-2-4-7(8)5-6/h2-5,8H,1H3",5.828197
diethylether,"InChI=1/CH4O/c1-2/h2H,1H3",2.696299
diethylether,"InChI=1/C7H6O2/c8-5-6-2-1-3-7(9)4-6/h1-5,9H",6.7920039999999995
diethylether,"InChI=1/C8H10/c1-7-4-3-5-8(2)6-7/h3-6H,1-2H3",4.264554
diethylether,InChI=1/C10H8/c1-2-6-10-8-4-3-7-9(10)5-1/h1-8H,5.569925999999999
diethylether,"InChI=1/C8H18/c1-3-5-7-8-6-4-2/h3-8H2,1-2H3",4.045818000000001
diethylether,"InChI=1/C8H10/c1-7-5-3-4-6-8(7)2/h3-6H,1-2H3",4.264554
diethylether,"InChI=1/C5H10O2/c1-2-3-4-5(6)7/h2-4H2,1H3,(H,6,7)/f/h6H",5.672101
diethylether,"InChI=1/C6H6O/c7-6-4-2-1-3-5-6/h1-5,7H",5.386425
diethylether,"InChI=1/C7H6O2/c8-5-6-1-3-7(9)4-2-6/h1-5,9H",6.7920039999999995
diethylether,"InChI=1/C3H6O/c1-2-3-4/h3H,2H2,1H3",2.58199
diethylether,"InChI=1/C3H6O2/c1-2-3(4)5/h2H2,1H3,(H,4,5)/f/h4H",4.701047
diethylether,"InChI=1/C4H10O/c1-4(2,3)5/h5H,1-3H3",3.698066
diethylether,"InChI=1/C7H8/c1-7-5-3-2-4-6-7/h2-6H,1H3",3.8227819999999992
diethylether,InChI=1/H2O/h1H2,2.406003
toluene,InChI=1/C4H8O2/c1-2-6-4-3-5-1/h1-4H2,3.596974
toluene,"InChI=1/C4H10O/c1-2-3-4-5/h5H,2-4H2,1H3",3.348723
toluene,"InChI=1/C7H16O/c1-2-3-4-5-6-7-8/h8H,2-7H2,1H3",4.8636870000000005
toluene,"InChI=1/C6H14O/c1-2-3-4-5-6-7/h7H,2-6H2,1H3",4.3586990000000005
toluene,"InChI=1/C5H12O/c1-2-3-4-5-6/h6H,2-5H2,1H3",3.8537110000000006
toluene,"InChI=1/C3H8O/c1-2-3-4/h4H,2-3H2,1H3",2.843735
toluene,"InChI=1/C4H8O/c1-3-4(2)5/h3H2,1-2H3",3.103748
toluene,"InChI=1/C7H14O/c1-3-4-5-6-7(2)8/h3-6H2,1-2H3",4.618712000000001
toluene,"InChI=1/C6H12O/c1-3-4-5-6(2)7/h3-5H2,1-2H3",4.113724000000001
toluene,"InChI=1/C5H10O/c1-3-4-5(2)6/h3-4H2,1-2H3",3.608736
toluene,"InChI=1/C6H12O/c1-5(7)6(2,3)4/h1-4H3",3.6323890000000003
toluene,"InChI=1/C2H4O2/c1-2(3)4/h1H3,(H,3,4)/f/h3H",2.775922
toluene,InChI=1/C3H6O/c1-3(2)4/h1-2H3,2.59876
toluene,"InChI=1/C4H8O2/c1-2-3-4(5)6/h2-3H2,1H3,(H,5,6)/f/h5H",3.785898
toluene,"InChI=1/C6H12O2/c1-3-4-5-8-6(2)7/h3-5H2,1-2H3",4.068317
toluene,"InChI=1/C2H6O/c1-2-3/h3H,2H2,1H3",2.3387469999999997
toluene,"InChI=1/C4H8O2/c1-3-6-4(2)5/h3H2,1-2H3",3.058341
toluene,InChI=1/C4H6O2/c5-4-2-1-3-6-4/h1-3H2,3.511751
toluene,"InChI=1/C6H12O2/c1-2-3-4-5-6(7)8/h2-5H2,1H3,(H,7,8)/f/h7H",4.795874
toluene,InChI=1/H2O2/c1-2/h1-2H,2.6451919999999998
toluene,"InChI=1/CH4O/c1-2/h2H,1H3",1.8337590000000001
toluene,InChI=1/C3H6O2/c1-3(4)5-2/h1-2H3,2.553353
toluene,"InChI=1/C8H8O2/c1-10-8(9)7-5-3-2-4-6-7/h2-6H,1H3",5.498941
toluene,"InChI=1/C7H14O2/c1-3-4-5-6-7(8)9-2/h3-6H2,1-2H3",4.573305
toluene,"InChI=1/C6H12O2/c1-3-4-5-6(7)8-2/h3-5H2,1-2H3",4.068317
toluene,"InChI=1/C4H8O2/c1-3-4(5)6-2/h3H2,1-2H3",3.058341
toluene,"InChI=1/C8H18/c1-3-5-7-8-6-4-2/h3-8H2,1-2H3",4.052254000000001
toluene,"InChI=1/C7H8O/c1-6-4-2-3-5-7(6)8/h2-5,8H,1H3",5.236375000000001
toluene,"InChI=1/C7H8O/c1-6-2-4-7(8)5-3-6/h2-5,8H,1H3",5.236375000000001
toluene,"InChI=1/C5H10O2/c1-2-3-4-5(6)7/h2-4H2,1H3,(H,6,7)/f/h6H",4.290886
toluene,"InChI=1/C7H14O2/c1-3-4-5-6-9-7(2)8/h3-6H2,1-2H3",4.573305
toluene,"InChI=1/C6H6O/c7-6-4-2-1-3-5-6/h1-5,7H",4.779347
toluene,"InChI=1/C3H6O2/c1-2-3(4)5/h2H2,1H3,(H,4,5)/f/h4H",3.28091
toluene,"InChI=1/C5H10O2/c1-3-4-7-5(2)6/h3-4H2,1-2H3",3.563329
toluene,"InChI=1/C7H8/c1-7-5-3-2-4-6-7/h2-6H,1H3",3.967914
toluene,InChI=1/H2O/h1H2,1.555476
